Workbook

Sheet Sheet1
A1: P001168 Rear cover
A2: P001169 Rear locking seats
A3: P001170 Rear lock slider seat
A4: P000159 Equalizer bar hooks
A5: P001171 Left side panel
A6: P001172 Right side plate
A7: P001196 The front corner of the left plate is strengthened
A8: P001287 The front corner of the right plate is strengthened
A9: P001288 Hand handle strengthened
A10: P001173 Mid-mounted disk
A11: P001174 Left cover
A12: P001175 Right cover
... A33: P001187 Drawer back cover

Sheet Sheet2
A1: P001145 Top cover
A2: P001146 Top cover reinforcing plate
A3: P001147 Bottom back
A4: P001148 Large reinforcing plate for the bottom cover
A5: P001167 Small reinforcing plate on the bottom cover
A6: P001149 Box
A7: P001152 Inner backing plate back slot
A8: P001153 Left inner gasket plate front slot
A9: P001154 Right inner pad plate front groove
A10: P001155 Rear locking seats
A11: P001156 Rear lock slider seat
A12: P000159 Equalizer bar hooks
... A23: P001166 Drawer back cover

Sheet CPI27
A1: NO | B1: Status | M1: Remark | N1: PART NAME (Geelong ) | O1: Q'TY | Q1: Work Center | R1: CT | S1: Alt. BOM | T1: Group Center | U1: Seq. | V1: Operation | W1: Group | Y1: 1000 | AB1: 3600
B3: L | C3: 40012178 | N3: TC-2707TSR | O3: 1 | P3: 22.5 | Q3: SCEASA01 | R3: =$AB$1/P3 -> 160 | Y3: =$Y$1/R3 -> 6.25 | AB3: =$Y$1/R3 -> 6.25 | AE3: =$Y$1/R3 -> 6.25 | AH3: =$Y$1/R3 -> 6.25 | AK3: =$Y$1/R3 -> 6.25 | AN3: =$Y$1/R3 -> 6.25
B4: L | D4: 30022112 | N4: U000433 Box Paint | O4: =O3 -> 1 | P4: 22.5 | Q4: SCECOA01 | R4: =$AB$1/P4 -> 160 | Y4: =$Y$1/R4 -> 6.25 | AB4: =$Y$1/R4 -> 6.25 | AE4: =$Y$1/R4 -> 6.25 | AH4: =$Y$1/R4 -> 6.25 | AK4: =$Y$1/R4 -> 6.25 | AN4: =$Y$1/R4 -> 6.25
B5: L | E5: 30022113 | N5: U000433 Box Weld | O5: =O4 -> 1 | P5: =180+60 -> 240 | Q5: SCEGWA01 | R5: =$AB$1/P5 -> 15 | Y5: =$Y$1/R5 -> 66.666667 | AB5: =$Y$1/R5 -> 66.666667 | AE5: =$Y$1/R5 -> 66.666667 | AH5: =$Y$1/R5 -> 66.666667 | AK5: =$Y$1/R5 -> 66.666667 | AN5: =$Y$1/R5 -> 66.666667
B6: L | F6: 30022114 | N6: U000433 Box Spot | O6: =O5 -> 1 | P6: =350 -> 350 | Q6: SCESGA01 | R6: =$AB$1/P6 -> 10.285714 | Y6: =$Y$1/R6 -> 97.222222 | AB6: =$Y$1/R6 -> 97.222222 | AE6: =$Y$1/R6 -> 97.222222 | AH6: =$Y$1/R6 -> 97.222222 | AK6: =$Y$1/R6 -> 97.222222 | AN6: =$Y$1/R6 -> 97.222222
B7: L | G7: 30022115 | N7: P002732 Top Cover Spot | O7: =O6 -> 1 | P7: 10 | Q7: SCESGA01 | R7: =$AB$1/P7 -> 360 | Y7: =$Y$1/R7 -> 2.7777778 | AB7: =$Y$1/R7 -> 2.7777778 | AE7: =$Y$1/R7 -> 2.7777778 | AH7: =$Y$1/R7 -> 2.7777778 | AK7: =$Y$1/R7 -> 2.7777778 | AN7: =$Y$1/R7 -> 2.7777778
B8: L | H8: 30022116 | N8: P002732 Top Cover Bend | O8: =O7 -> 1 | P8: 18 | Q8: SCEBEA02 | R8: =$AB$1/P8 -> 200 | Y8: =$Y$1/R8 -> 5 | AB8: =$Y$1/R8 -> 5 | AE8: =$Y$1/R8 -> 5 | AH8: =$Y$1/R8 -> 5 | AK8: =$Y$1/R8 -> 5 | AN8: =$Y$1/R8 -> 5
B9: L | I9: 30022117 | N9: P002732 Top Cover IPC | O9: =O8 -> 1
B10: L | J10: 10030761 | N10: P002732 Top Cover GP | O10: =O9 -> 1
B11: L | H11: 10030762 | N11: P002571 Hook Holder GP | O11: =O7 -> 1
B12: L | G12: 30022119 | N12: P002733 Bottom Back Bend | O12: =O6 -> 1 | P12: 9 | Q12: SCEBEA02 | R12: =$AB$1/P12 -> 400 | Y12: =$Y$1/R12 -> 2.5 | AB12: =$Y$1/R12 -> 2.5 | AE12: =$Y$1/R12 -> 2.5 | AH12: =$Y$1/R12 -> 2.5 | AK12: =$Y$1/R12 -> 2.5 | AN12: =$Y$1/R12 -> 2.5
B13: L | H13: 30022120 | N13: P002733 Bottom Back IPC | O13: =O12 -> 1
B14: L | I14: 10030763 | N14: P002733 Bottom Back GP | O14: =O13 -> 1
B15: L | G15: 30022121 | N15: P002734 Bottom Cover Reinf Bend | O15: =O6*2 -> 2 | P15: 27 | Q15: SCEBEA02 | R15: =$AB$1/P15 -> 133.33333 | Y15: =$Y$1/R15 -> 7.5 | AB15: =$Y$1/R15 -> 7.5 | AE15: =$Y$1/R15 -> 7.5 | AH15: =$Y$1/R15 -> 7.5 | AK15: =$Y$1/R15 -> 7.5 | AN15: =$Y$1/R15 -> 7.5
B16: L | H16: 10030764 | N16: P002734 Bottom Cover Reinf GP | O16: =O15 -> 2
B17: L | G17: 30023058 | N17: P002951 Box Spot | O17: =O6 -> 1 | P17: =40+40+75+75+45+80 -> 355 | Q17: SCESGA01 | R17: =$AB$1/P17 -> 10.140845 | Y17: =$Y$1/R17 -> 98.611111 | AB17: =$Y$1/R17 -> 98.611111 | AE17: =$Y$1/R17 -> 98.611111 | AH17: =$Y$1/R17 -> 98.611111 | AK17: =$Y$1/R17 -> 98.611111 | AN17: =$Y$1/R17 -> 98.611111
B18: L | H18: 30023056 | N18: P002951 Box Bend | O18: =O17 -> 1 | P18: 54 | Q18: SCESBA01 | R18: =$AB$1/P18 -> 66.666667 | Y18: =$Y$1/R18 -> 15 | AB18: =$Y$1/R18 -> 15 | AE18: =$Y$1/R18 -> 15 | AH18: =$Y$1/R18 -> 15 | AK18: =$Y$1/R18 -> 15 | AN18: =$Y$1/R18 -> 15
B19: L | I19: 30023057 | N19: P002951 Box Press | O19: =O17 -> 1 | P19: 24 | Q19: SCESBA01 | R19: =$AB$1/P19 -> 150 | Y19: =$Y$1/R19 -> 6.6666667 | AB19: =$Y$1/R19 -> 6.6666667 | AE19: =$Y$1/R19 -> 6.6666667 | AH19: =$Y$1/R19 -> 6.6666667 | AK19: =$Y$1/R19 -> 6.6666667 | AN19: =$Y$1/R19 -> 6.6666667
B20: L | J20: 10034385 | N20: P002951 Box GP | O20: =O19 -> 1
B21: L | H21: 30023060 | N21: P002952 BBS Holder Front Left Spot | O21: =O17 -> 1 | P21: 50 | Q21: SCESGA01 | R21: =$AB$1/P21 -> 72 | Y21: =$Y$1/R21 -> 13.888889 | AB21: =$Y$1/R21 -> 13.888889 | AE21: =$Y$1/R21 -> 13.888889 | AH21: =$Y$1/R21 -> 13.888889 | AK21: =$Y$1/R21 -> 13.888889 | AN21: =$Y$1/R21 -> 13.888889
B22: L | I22: 30023059 | N22: P002952 BBS Holder Front Left Press | O22: =O19 -> 1 | P22: 12 | Q22: SCESBA01 | R22: =$AB$1/P22 -> 300 | Y22: =$Y$1/R22 -> 3.3333333 | AB22: =$Y$1/R22 -> 3.3333333 | AE22: =$Y$1/R22 -> 3.3333333 | AH22: =$Y$1/R22 -> 3.3333333 | AK22: =$Y$1/R22 -> 3.3333333 | AN22: =$Y$1/R22 -> 3.3333333
B23: L | J23: 10034386 | N23: P002952 BBS Holder Front Left GP | O23: =O20 -> 1
B24: L | I24: 30023055 | N24: P002801 BBS Holder Front Reinf Bend | O24: =O21 -> 1 | P24: 18 | Q24: SCEBEA02 | R24: =$AB$1/P24 -> 200 | Y24: =$Y$1/R24 -> 5 | AB24: =$Y$1/R24 -> 5 | AE24: =$Y$1/R24 -> 5 | AH24: =$Y$1/R24 -> 5 | AK24: =$Y$1/R24 -> 5 | AN24: =$Y$1/R24 -> 5
B25: L | J25: 30022130 | N25: P002801 BBS Holder Front Reinf Laser | O25: =O24 -> 1 | P25: 13 | Q25: SCECUA04 | R25: =$AB$1/P25 -> 276.92308 | Y25: =$Y$1/R25 -> 3.6111111 | AB25: =$Y$1/R25 -> 3.6111111 | AE25: =$Y$1/R25 -> 3.6111111 | AH25: =$Y$1/R25 -> 3.6111111 | AK25: =$Y$1/R25 -> 3.6111111 | AN25: =$Y$1/R25 -> 3.6111111
B26: L | K26: 10030768 | N26: P002801 BBS Holder Front Reinf GP | O26: =O25 -> 1
B27: L | H27: 30023062 | N27: P002953 BBS Holder Front Right Spot | O27: =O19 -> 1 | P27: 50 | Q27: SCESGA01 | R27: =$AB$1/P27 -> 72 | Y27: =$Y$1/R27 -> 13.888889 | AB27: =$Y$1/R27 -> 13.888889 | AE27: =$Y$1/R27 -> 13.888889 | AH27: =$Y$1/R27 -> 13.888889 | AK27: =$Y$1/R27 -> 13.888889 | AN27: =$Y$1/R27 -> 13.888889
B28: L | I28: 30023061 | N28: P002953 BBS Holder Front Right Press | O28: =O27 -> 1 | P28: 12 | Q28: SCESBA01 | R28: =$AB$1/P28 -> 300 | Y28: =$Y$1/R28 -> 3.3333333 | AB28: =$Y$1/R28 -> 3.3333333 | AE28: =$Y$1/R28 -> 3.3333333 | AH28: =$Y$1/R28 -> 3.3333333 | AK28: =$Y$1/R28 -> 3.3333333 | AN28: =$Y$1/R28 -> 3.3333333
B29: L | J29: 10034387 | N29: P002953 BBS Holder Front Right GP | O29: =O28 -> 1
B30: L | I30: 30023055 | N30: P002801 BBS Holder Front Reinf Bend | O30: =O27 -> 1 | P30: 18 | Q30: SCEBEA02 | R30: =$AB$1/P30 -> 200 | Y30: =$Y$1/R30 -> 5 | AB30: =$Y$1/R30 -> 5 | AE30: =$Y$1/R30 -> 5 | AH30: =$Y$1/R30 -> 5 | AK30: =$Y$1/R30 -> 5 | AN30: =$Y$1/R30 -> 5
B31: L | J31: 30022130 | N31: P002801 BBS Holder Front Reinf Laser | O31: =O30 -> 1 | P31: 13 | Q31: SCECUA04 | R31: =$AB$1/P31 -> 276.92308 | Y31: =$Y$1/R31 -> 3.6111111 | AB31: =$Y$1/R31 -> 3.6111111 | AE31: =$Y$1/R31 -> 3.6111111 | AH31: =$Y$1/R31 -> 3.6111111 | AK31: =$Y$1/R31 -> 3.6111111 | AN31: =$Y$1/R31 -> 3.6111111
B32: L | K32: 10030768 | N32: P002801 BBS Holder Front Reinf GP | O32: =O31 -> 1
B33: L | H33: 30023063 | N33: P002954 BBS Holder Rear Left Press | O33: =O17 -> 1 | P33: 12 | Q33: SCESBA01 | R33: =$AB$1/P33 -> 300 | Y33: =$Y$1/R33 -> 3.3333333 | AB33: =$Y$1/R33 -> 3.3333333 | AE33: =$Y$1/R33 -> 3.3333333 | AH33: =$Y$1/R33 -> 3.3333333 | AK33: =$Y$1/R33 -> 3.3333333 | AN33: =$Y$1/R33 -> 3.3333333
B34: L | I34: 10034388 | N34: P002954 BBS Holder Rear Left GP | O34: =O33 -> 1
B35: L | H35: 30023064 | N35: P002955 BBS Holder Rear Right Press | O35: =O19 -> 1 | P35: 12 | Q35: SCESBA01 | R35: =$AB$1/P35 -> 300 | Y35: =$Y$1/R35 -> 3.3333333 | AB35: =$Y$1/R35 -> 3.3333333 | AE35: =$Y$1/R35 -> 3.3333333 | AH35: =$Y$1/R35 -> 3.3333333 | AK35: =$Y$1/R35 -> 3.3333333 | AN35: =$Y$1/R35 -> 3.3333333
B36: L | I36: 10034389 | N36: P002955 BBS Holder Rear Right GP | O36: =O35 -> 1
B37: L | H37: 30023050 | N37: P002622 Locking Slide Bend | O37: =O17 -> 1 | P37: 36 | Q37: SCEBEA02 | R37: =$AB$1/P37 -> 100 | Y37: =$Y$1/R37 -> 10 | AB37: =$Y$1/R37 -> 10 | AE37: =$Y$1/R37 -> 10 | AH37: =$Y$1/R37 -> 10 | AK37: =$Y$1/R37 -> 10 | AN37: =$Y$1/R37 -> 10
B38: L | I38: 30023145 | N38: P002622 Locking Slide Laser | O38: =O37 -> 1 | P38: 8 | Q38: SCECUA04 | R38: 450 | Y38: 125 | AB38: 125 | AE38: 125 | AH38: 125 | AK38: 125 | AN38: 125
B39: L | J39: 10034294 | N39: P002622 Locking Slide GP | O39: =O37 -> 1
B40: L | H40: 30023053 | N40: P002626 Cover Support Spot | O40: =O17*2 -> 2 | P40: 32 | Q40: SCESGA01 | R40: =$AB$1/P40 -> 112.5 | Y40: =$Y$1/R40 -> 8.8888889 | AB40: =$Y$1/R40 -> 8.8888889 | AE40: =$Y$1/R40 -> 8.8888889 | AH40: =$Y$1/R40 -> 8.8888889 | AK40: =$Y$1/R40 -> 8.8888889 | AN40: =$Y$1/R40 -> 8.8888889
B41: L | I41: 30023051 | N41: P002626 Cover Support Bend | O41: =O40 -> 2 | P41: 18 | Q41: SCEBEA02 | R41: =$AB$1/P41 -> 200 | Y41: =$Y$1/R41 -> 5 | AB41: =$Y$1/R41 -> 5 | AE41: =$Y$1/R41 -> 5 | AH41: =$Y$1/R41 -> 5 | AK41: =$Y$1/R41 -> 5 | AN41: =$Y$1/R41 -> 5
B42: L | J42: 30023052 | N42: P002626 Cover Support Press | O42: =O40 -> 2 | P42: 24 | Q42: SCESBA01 | R42: =$AB$1/P42 -> 150 | Y42: =$Y$1/R42 -> 6.6666667 | AB42: =$Y$1/R42 -> 6.6666667 | AE42: =$Y$1/R42 -> 6.6666667 | AH42: =$Y$1/R42 -> 6.6666667 | AK42: =$Y$1/R42 -> 6.6666667 | AN42: =$Y$1/R42 -> 6.6666667
B43: L | K43: 10034298 | N43: P002626 Cover Support GP | O43: =O42 -> 2
B44: L | F44: 30023054 | N44: P002742 Rear Lock Row Press | O44: =-O5 -> -1 | P44: 12 | Q44: SCESBA01 | R44: =$AB$1/P44 -> 300 | Y44: =$Y$1/R44 -> 3.3333333 | AB44: =$Y$1/R44 -> 3.3333333 | AE44: =$Y$1/R44 -> 3.3333333 | AH44: =$Y$1/R44 -> 3.3333333 | AK44: =$Y$1/R44 -> 3.3333333 | AN44: =$Y$1/R44 -> 3.3333333
B45: L | G45: 10030772 | N45: P002742 Rear Lock Row | O45: =O5 -> 1
B46: L | F46: 10011564 | N46: MA99002500 welding thread CO2 0.8(15kg) | O46: 0.02
B47: L | F47: 10025819 | N47: แก๊ส Co2 | O47: 0.001
B48: L | E48: 10034196 | N48: CM01000007 High gloss red powder | O48: 1.52535
B49: L | E49: 10033352 | N49: FINE CLEANER T5008 | O49: 120.79295
B50: L | E50: 10033353 | N50: PREPALENE XG | O50: 5.3925424
B51: L | E51: 10033354 | N51: ADDITIVE 4977B | O51: 1.0785085
B52: L | E52: 10033355 | N52: PALBOND LT5103RF-1 | O52: 78.731119
B53: L | E53: 10033356 | N53: NEUTRALIZER 4055 | O53: 10.785085
B54: L | E54: 10033357 | N54: ACCELERATOR 131 | O54: 4.3140339
B55: L | D55: 30022139 | N55: U000434 Drawer Big(Left) Paint | O55: =O3*4 -> 4 | P55: 22.5 | Q55: SCECOA01 | R55: =$AB$1/P55 -> 160 | Y55: =$Y$1/R55 -> 6.25 | AB55: =$Y$1/R55 -> 6.25 | AE55: =$Y$1/R55 -> 6.25 | AH55: =$Y$1/R55 -> 6.25 | AK55: =$Y$1/R55 -> 6.25 | AN55: =$Y$1/R55 -> 6.25
B56: L | E56: 30022140 | N56: U000434 Drawer Big(Left) Spot | O56: =O55 -> 4 | P56: 110 | Q56: SCESGA01 | R56: =$AB$1/P56 -> 32.727273 | Y56: =$Y$1/R56 -> 30.555556 | AB56: =$Y$1/R56 -> 30.555556 | AE56: =$Y$1/R56 -> 30.555556 | AH56: =$Y$1/R56 -> 30.555556 | AK56: =$Y$1/R56 -> 30.555556 | AN56: =$Y$1/R56 -> 30.555556
B57: L | F57: 30022141 | N57: P002744 Drawer Body Big(Left) Bend | O57: =O56 -> 4 | P57: 36 | Q57: SCEBEA02 | R57: =$AB$1/P57 -> 100 | Y57: =$Y$1/R57 -> 10 | AB57: =$Y$1/R57 -> 10 | AE57: =$Y$1/R57 -> 10 | AH57: =$Y$1/R57 -> 10 | AK57: =$Y$1/R57 -> 10 | AN57: =$Y$1/R57 -> 10
B58: L | G58: 30022142 | N58: P002744 Drawer Body Big(Left) Press | O58: =O57 -> 4 | P58: 72 | Q58: SCESBA01 | R58: =$AB$1/P58 -> 50 | Y58: =$Y$1/R58 -> 20 | AB58: =$Y$1/R58 -> 20 | AE58: =$Y$1/R58 -> 20 | AH58: =$Y$1/R58 -> 20 | AK58: =$Y$1/R58 -> 20 | AN58: =$Y$1/R58 -> 20
B59: L | H59: 10030773 | N59: P002744 Drawer Body Big(Left) GP | O59: =O58 -> 4
B60: L | F60: 30023039 | N60: P002745 Drawer Handle Big(Left) Bend | O60: =O55 -> 4 | P60: 9 | Q60: SCEBEA02 | R60: =$AB$1/P60 -> 400 | Y60: =$Y$1/R60 -> 2.5 | AB60: =$Y$1/R60 -> 2.5 | AE60: =$Y$1/R60 -> 2.5 | AH60: =$Y$1/R60 -> 2.5 | AK60: =$Y$1/R60 -> 2.5 | AN60: =$Y$1/R60 -> 2.5
B61: L | G61: 30023040 | N61: P002745 Drawer Handle Big(Left) Press | O61: =O60 -> 4 | P61: 12 | Q61: SCESBA01 | R61: =$AB$1/P61 -> 300 | Y61: =$Y$1/R61 -> 3.3333333 | AB61: =$Y$1/R61 -> 3.3333333 | AE61: =$Y$1/R61 -> 3.3333333 | AH61: =$Y$1/R61 -> 3.3333333 | AK61: =$Y$1/R61 -> 3.3333333 | AN61: =$Y$1/R61 -> 3.3333333
B62: L | H62: 10030774 | N62: P002745 Drawer Handle Big(Left) GP | O62: =O61 -> 4
B63: L | F63: 30022146 | N63: P002746 Drawer Back Big(Left) Bend | O63: =O55 -> 4 | P63: 9 | Q63: SCEBEA02 | R63: =$AB$1/P63 -> 400 | Y63: =$Y$1/R63 -> 2.5 | AB63: =$Y$1/R63 -> 2.5 | AE63: =$Y$1/R63 -> 2.5 | AH63: =$Y$1/R63 -> 2.5 | AK63: =$Y$1/R63 -> 2.5 | AN63: =$Y$1/R63 -> 2.5
B64: L | G64: 10030775 | N64: P002746 Drawer Back Big(Left) GP | O64: =O55 -> 4
B65: L | E65: 10034196 | N65: CM01000007 High gloss red powder | O65: 0.18869516
B66: L | E66: 10033352 | N66: FINE CLEANER T5008 | O66: 14.942829
B67: L | E67: 10033353 | N67: PREPALENE XG | O67: 0.66709059
B68: L | E68: 10033354 | N68: ADDITIVE 4977B | O68: 0.13341812
B69: L | E69: 10033355 | N69: PALBOND LT5103RF-1 | O69: 9.7395226
B70: L | E70: 10033356 | N70: NEUTRALIZER 4055 | O70: 1.3341812
B71: L | E71: 10033357 | N71: ACCELERATOR 131 | O71: 0.53367247
B72: L | D72: 30022147 | N72: U000435 Drawer Middle Paint | O72: =O3*2 -> 2 | P72: 22.5 | Q72: SCECOA01 | R72: =$AB$1/P72 -> 160 | Y72: =$Y$1/R72 -> 6.25 | AB72: =$Y$1/R72 -> 6.25 | AE72: =$Y$1/R72 -> 6.25 | AH72: =$Y$1/R72 -> 6.25 | AK72: =$Y$1/R72 -> 6.25 | AN72: =$Y$1/R72 -> 6.25
B73: L | E73: 30022148 | N73: U000435 Drawer Middle Spot | O73: =O72 -> 2 | P73: 150 | Q73: SCESGA01 | R73: =$AB$1/P73 -> 24 | Y73: =$Y$1/R73 -> 41.666667 | AB73: =$Y$1/R73 -> 41.666667 | AE73: =$Y$1/R73 -> 41.666667 | AH73: =$Y$1/R73 -> 41.666667 | AK73: =$Y$1/R73 -> 41.666667 | AN73: =$Y$1/R73 -> 41.666667
B74: L | F74: 30022149 | N74: P002747 Drawer Body Middle Bend | O74: =O73 -> 2 | P74: 36 | Q74: SCEBEA02 | R74: =$AB$1/P74 -> 100 | Y74: =$Y$1/R74 -> 10 | AB74: =$Y$1/R74 -> 10 | AE74: =$Y$1/R74 -> 10 | AH74: =$Y$1/R74 -> 10 | AK74: =$Y$1/R74 -> 10 | AN74: =$Y$1/R74 -> 10
B75: L | G75: 30022150 | N75: P002747 Drawer Body Middle Press | O75: =O74 -> 2 | P75: 72 | Q75: SCESBA01 | R75: =$AB$1/P75 -> 50 | Y75: =$Y$1/R75 -> 20 | AB75: =$Y$1/R75 -> 20 | AE75: =$Y$1/R75 -> 20 | AH75: =$Y$1/R75 -> 20 | AK75: =$Y$1/R75 -> 20 | AN75: =$Y$1/R75 -> 20
B76: L | H76: 10030776 | N76: P002747 Drawer Body Middle GP | O76: =O75 -> 2
B77: L | F77: 30022151 | N77: P002748 Drawer Handle Middle Bend | O77: =O73 -> 2 | P77: 9 | Q77: SCEBEA02 | R77: =$AB$1/P77 -> 400 | Y77: =$Y$1/R77 -> 2.5 | AB77: =$Y$1/R77 -> 2.5 | AE77: =$Y$1/R77 -> 2.5 | AH77: =$Y$1/R77 -> 2.5 | AK77: =$Y$1/R77 -> 2.5 | AN77: =$Y$1/R77 -> 2.5
B78: L | G78: 30022152 | N78: P002748 Drawer Handle Middle Press | O78: =O73 -> 2 | P78: 12 | Q78: SCESBA01 | R78: =$AB$1/P78 -> 300 | Y78: =$Y$1/R78 -> 3.3333333 | AB78: =$Y$1/R78 -> 3.3333333 | AE78: =$Y$1/R78 -> 3.3333333 | AH78: =$Y$1/R78 -> 3.3333333 | AK78: =$Y$1/R78 -> 3.3333333 | AN78: =$Y$1/R78 -> 3.3333333
B79: L | H79: 10030777 | N79: P002748 Drawer Handle Middle GP | O79: =O73 -> 2
B80: L | F80: 30022154 | N80: P002749 Drawer Back Middle Bend | O80: =O73 -> 2 | P80: 9 | Q80: SCEBEA02 | R80: =$AB$1/P80 -> 400 | Y80: =$Y$1/R80 -> 2.5 | AB80: =$Y$1/R80 -> 2.5 | AE80: =$Y$1/R80 -> 2.5 | AH80: =$Y$1/R80 -> 2.5 | AK80: =$Y$1/R80 -> 2.5 | AN80: =$Y$1/R80 -> 2.5
B81: L | G81: 10030778 | N81: P002749 Drawer Back Middle GP | O81: =O73 -> 2
B82: L | E82: 10034196 | N82: CM01000007 High gloss red powder | O82: 0.24583027
B83: L | E83: 10033352 | N83: FINE CLEANER T5008 | O83: 19.467377
B84: L | E84: 10033353 | N84: PREPALENE XG | O84: 0.86907932
B85: L | E85: 10033354 | N85: ADDITIVE 4977B | O85: 0.17381586
B86: L | E86: 10033355 | N86: PALBOND LT5103RF-1 | O86: 12.688558
B87: L | E87: 10033356 | N87: NEUTRALIZER 4055 | O87: 1.7381586
B88: L | E88: 10033357 | N88: ACCELERATOR 131 | O88: 0.69526345
B89: L | D89: 30022155 | N89: U000436 Drawer Extra Big(Left) Paint | O89: =O3 -> 1 | P89: 22.5 | Q89: SCECOA01 | R89: =$AB$1/P89 -> 160 | Y89: =$Y$1/R89 -> 6.25 | AB89: =$Y$1/R89 -> 6.25 | AE89: =$Y$1/R89 -> 6.25 | AH89: =$Y$1/R89 -> 6.25 | AK89: =$Y$1/R89 -> 6.25 | AN89: =$Y$1/R89 -> 6.25
B90: L | E90: 30022156 | N90: U000436 Drawer Extra Big(Left) Spot | O90: =O89 -> 1 | P90: 150 | Q90: SCESGA01 | R90: =$AB$1/P90 -> 24 | Y90: =$Y$1/R90 -> 41.666667 | AB90: =$Y$1/R90 -> 41.666667 | AE90: =$Y$1/R90 -> 41.666667 | AH90: =$Y$1/R90 -> 41.666667 | AK90: =$Y$1/R90 -> 41.666667 | AN90: =$Y$1/R90 -> 41.666667
B91: L | F91: 30022157 | N91: P002750 Drawer Body Extra Big(Left) Bend | O91: =O90 -> 1 | P91: 36 | Q91: SCEBEA02 | R91: =$AB$1/P91 -> 100 | Y91: =$Y$1/R91 -> 10 | AB91: =$Y$1/R91 -> 10 | AE91: =$Y$1/R91 -> 10 | AH91: =$Y$1/R91 -> 10 | AK91: =$Y$1/R91 -> 10 | AN91: =$Y$1/R91 -> 10
B92: L | G92: 30022158 | N92: P002750 Drawer Body Extra Big(Left) Press | O92: =O91 -> 1 | P92: 72 | Q92: SCESBA01 | R92: =$AB$1/P92 -> 50 | Y92: =$Y$1/R92 -> 20 | AB92: =$Y$1/R92 -> 20 | AE92: =$Y$1/R92 -> 20 | AH92: =$Y$1/R92 -> 20 | AK92: =$Y$1/R92 -> 20 | AN92: =$Y$1/R92 -> 20
B93: L | H93: 10030779 | N93: P002750 Drawer Body Extra Big(Left) GP | O93: =O92 -> 1
B94: L | F94: 30022159 | N94: P002751 Drawer Handle Extra Big(Left) Bend | O94: =O89 -> 1 | P94: 9 | Q94: SCEBEA02 | R94: =$AB$1/P94 -> 400 | Y94: =$Y$1/R94 -> 2.5 | AB94: =$Y$1/R94 -> 2.5 | AE94: =$Y$1/R94 -> 2.5 | AH94: =$Y$1/R94 -> 2.5 | AK94: =$Y$1/R94 -> 2.5 | AN94: =$Y$1/R94 -> 2.5
B95: L | G95: 30022160 | N95: P002751 Drawer Handle Extra Big(Left) Press | O95: =O94 -> 1 | P95: 12 | Q95: SCESBA01 | R95: =$AB$1/P95 -> 300 | Y95: =$Y$1/R95 -> 3.3333333 | AB95: =$Y$1/R95 -> 3.3333333 | AE95: =$Y$1/R95 -> 3.3333333 | AH95: =$Y$1/R95 -> 3.3333333 | AK95: =$Y$1/R95 -> 3.3333333 | AN95: =$Y$1/R95 -> 3.3333333
B96: L | H96: 10030780 | N96: P002751 Drawer Handle Extra Big(Left) GP | O96: =O95 -> 1
B97: L | F97: 30022162 | N97: P002752 Drawer Back Extra Big(Left) Bend | O97: =O89 -> 1 | P97: 9 | Q97: SCEBEA02 | R97: =$AB$1/P97 -> 400 | Y97: =$Y$1/R97 -> 2.5 | AB97: =$Y$1/R97 -> 2.5 | AE97: =$Y$1/R97 -> 2.5 | AH97: =$Y$1/R97 -> 2.5 | AK97: =$Y$1/R97 -> 2.5 | AN97: =$Y$1/R97 -> 2.5
B98: L | G98: 10030781 | N98: P002752 Drawer Back Extra Big(Left) GP | O98: =O90 -> 1
B99: L | E99: 10034196 | N99: CM01000007 High gloss red powder | O99: 0.25820884
B100: L | E100: 10033352 | N100: FINE CLEANER T5008 | O100: 20.44764
B101: L | E101: 10033353 | N101: PREPALENE XG | O101: 0.91284108
...

Sheet CPI27 (2)
A1: NO | B1: Status | M1: Remark | N1: PART NAME (Geelong ) | O1: Q'TY | Q1: Work Center | R1: CT | S1: Alt. BOM | T1: Group Center | U1: Seq. | V1: Operation | W1: Group | Y1: 1000 | AB1: 3600
B3: L | C3: 40012178 | N3: TC-2707TSR | O3: 1 | P3: 22.5 | Q3: SCEASA01 | R3: =$AB$1/P3 -> 160 | Y3: =$Y$1/R3 -> 6.25 | AB3: =$Y$1/R3 -> 6.25 | AE3: =$Y$1/R3 -> 6.25 | AH3: =$Y$1/R3 -> 6.25 | AK3: =$Y$1/R3 -> 6.25 | AN3: =$Y$1/R3 -> 6.25
B4: L | D4: 30022112 | N4: U000433 Box Paint | O4: =O3 -> 1 | P4: 22.5 | Q4: SCECOA01 | R4: =$AB$1/P4 -> 160 | Y4: =$Y$1/R4 -> 6.25 | AB4: =$Y$1/R4 -> 6.25 | AE4: =$Y$1/R4 -> 6.25 | AH4: =$Y$1/R4 -> 6.25 | AK4: =$Y$1/R4 -> 6.25 | AN4: =$Y$1/R4 -> 6.25
B5: L | E5: 30022113 | N5: U000433 Box Weld | O5: =O4 -> 1 | P5: =180+60 -> 240 | Q5: SCEGWA01 | R5: =$AB$1/P5 -> 15 | Y5: =$Y$1/R5 -> 66.666667 | AB5: =$Y$1/R5 -> 66.666667 | AE5: =$Y$1/R5 -> 66.666667 | AH5: =$Y$1/R5 -> 66.666667 | AK5: =$Y$1/R5 -> 66.666667 | AN5: =$Y$1/R5 -> 66.666667
B6: L | F6: 30022114 | N6: U000433 Box Spot | O6: =O5 -> 1 | P6: =350 -> 350 | Q6: SCESGA01 | R6: =$AB$1/P6 -> 10.285714 | Y6: =$Y$1/R6 -> 97.222222 | AB6: =$Y$1/R6 -> 97.222222 | AE6: =$Y$1/R6 -> 97.222222 | AH6: =$Y$1/R6 -> 97.222222 | AK6: =$Y$1/R6 -> 97.222222 | AN6: =$Y$1/R6 -> 97.222222
B7: L | G7: 30022115 | N7: P002732 Top Cover Spot | O7: =O6 -> 1 | P7: 10 | Q7: SCESGA01 | R7: =$AB$1/P7 -> 360 | Y7: =$Y$1/R7 -> 2.7777778 | AB7: =$Y$1/R7 -> 2.7777778 | AE7: =$Y$1/R7 -> 2.7777778 | AH7: =$Y$1/R7 -> 2.7777778 | AK7: =$Y$1/R7 -> 2.7777778 | AN7: =$Y$1/R7 -> 2.7777778
B8: L | H8: 30022116 | N8: P002732 Top Cover Bend | O8: =O7 -> 1 | P8: 18 | Q8: SCEBEA02 | R8: =$AB$1/P8 -> 200 | Y8: =$Y$1/R8 -> 5 | AB8: =$Y$1/R8 -> 5 | AE8: =$Y$1/R8 -> 5 | AH8: =$Y$1/R8 -> 5 | AK8: =$Y$1/R8 -> 5 | AN8: =$Y$1/R8 -> 5
B9: L | I9: 30022117 | N9: P002732 Top Cover IPC | O9: =O8 -> 1
B10: L | J10: 10030761 | N10: P002732 Top Cover GP | O10: =O9 -> 1
B11: L | H11: 10030762 | N11: P002571 Hook Holder GP | O11: =O7 -> 1
B12: L | G12: 30022119 | N12: P002733 Bottom Back Bend | O12: =O6 -> 1 | P12: 9 | Q12: SCEBEA02 | R12: =$AB$1/P12 -> 400 | Y12: =$Y$1/R12 -> 2.5 | AB12: =$Y$1/R12 -> 2.5 | AE12: =$Y$1/R12 -> 2.5 | AH12: =$Y$1/R12 -> 2.5 | AK12: =$Y$1/R12 -> 2.5 | AN12: =$Y$1/R12 -> 2.5
B13: L | H13: 30022120 | N13: P002733 Bottom Back IPC | O13: =O12 -> 1
B14: L | I14: 10030763 | N14: P002733 Bottom Back GP | O14: =O13 -> 1
B15: L | G15: 30022121 | N15: P002734 Bottom Cover Reinf Bend | O15: =O6*2 -> 2 | P15: 27 | Q15: SCEBEA02 | R15: =$AB$1/P15 -> 133.33333 | Y15: =$Y$1/R15 -> 7.5 | AB15: =$Y$1/R15 -> 7.5 | AE15: =$Y$1/R15 -> 7.5 | AH15: =$Y$1/R15 -> 7.5 | AK15: =$Y$1/R15 -> 7.5 | AN15: =$Y$1/R15 -> 7.5
B16: L | H16: 10030764 | N16: P002734 Bottom Cover Reinf GP | O16: =O15 -> 2
B17: L | G17: 30023058 | N17: P002951 Box Spot | O17: =O6 -> 1 | P17: =40+40+75+75+45+80 -> 355 | Q17: SCESGA01 | R17: =$AB$1/P17 -> 10.140845 | Y17: =$Y$1/R17 -> 98.611111 | AB17: =$Y$1/R17 -> 98.611111 | AE17: =$Y$1/R17 -> 98.611111 | AH17: =$Y$1/R17 -> 98.611111 | AK17: =$Y$1/R17 -> 98.611111 | AN17: =$Y$1/R17 -> 98.611111
B18: L | H18: 30023056 | N18: P002951 Box Bend | O18: =O17 -> 1 | P18: 54 | Q18: SCESBA01 | R18: =$AB$1/P18 -> 66.666667 | Y18: =$Y$1/R18 -> 15 | AB18: =$Y$1/R18 -> 15 | AE18: =$Y$1/R18 -> 15 | AH18: =$Y$1/R18 -> 15 | AK18: =$Y$1/R18 -> 15 | AN18: =$Y$1/R18 -> 15
B19: L | I19: 30023057 | N19: P002951 Box Press | O19: =O17 -> 1 | P19: 24 | Q19: SCESBA01 | R19: =$AB$1/P19 -> 150 | Y19: =$Y$1/R19 -> 6.6666667 | AB19: =$Y$1/R19 -> 6.6666667 | AE19: =$Y$1/R19 -> 6.6666667 | AH19: =$Y$1/R19 -> 6.6666667 | AK19: =$Y$1/R19 -> 6.6666667 | AN19: =$Y$1/R19 -> 6.6666667
B20: L | J20: 10034385 | N20: P002951 Box GP | O20: =O19 -> 1
B21: L | H21: 30023060 | N21: P002952 BBS Holder Front Left Spot | O21: =O17 -> 1 | P21: 50 | Q21: SCESGA01 | R21: =$AB$1/P21 -> 72 | Y21: =$Y$1/R21 -> 13.888889 | AB21: =$Y$1/R21 -> 13.888889 | AE21: =$Y$1/R21 -> 13.888889 | AH21: =$Y$1/R21 -> 13.888889 | AK21: =$Y$1/R21 -> 13.888889 | AN21: =$Y$1/R21 -> 13.888889
B22: L | I22: 30023059 | N22: P002952 BBS Holder Front Left Press | O22: =O19 -> 1 | P22: 12 | Q22: SCESBA01 | R22: =$AB$1/P22 -> 300 | Y22: =$Y$1/R22 -> 3.3333333 | AB22: =$Y$1/R22 -> 3.3333333 | AE22: =$Y$1/R22 -> 3.3333333 | AH22: =$Y$1/R22 -> 3.3333333 | AK22: =$Y$1/R22 -> 3.3333333 | AN22: =$Y$1/R22 -> 3.3333333
B23: L | J23: 10034386 | N23: P002952 BBS Holder Front Left GP | O23: =O20 -> 1
B24: L | I24: 30023055 | N24: P002801 BBS Holder Front Reinf Bend | O24: =O21 -> 1 | P24: 18 | Q24: SCEBEA02 | R24: =$AB$1/P24 -> 200 | Y24: =$Y$1/R24 -> 5 | AB24: =$Y$1/R24 -> 5 | AE24: =$Y$1/R24 -> 5 | AH24: =$Y$1/R24 -> 5 | AK24: =$Y$1/R24 -> 5 | AN24: =$Y$1/R24 -> 5
B25: L | J25: 30022130 | N25: P002801 BBS Holder Front Reinf Laser | O25: =O24 -> 1 | P25: 13 | Q25: SCECUA04 | R25: =$AB$1/P25 -> 276.92308 | Y25: =$Y$1/R25 -> 3.6111111 | AB25: =$Y$1/R25 -> 3.6111111 | AE25: =$Y$1/R25 -> 3.6111111 | AH25: =$Y$1/R25 -> 3.6111111 | AK25: =$Y$1/R25 -> 3.6111111 | AN25: =$Y$1/R25 -> 3.6111111
B26: L | K26: 10030768 | N26: P002801 BBS Holder Front Reinf GP | O26: =O25 -> 1
B27: L | H27: 30023062 | N27: P002953 BBS Holder Front Right Spot | O27: =O19 -> 1 | P27: 50 | Q27: SCESGA01 | R27: =$AB$1/P27 -> 72 | Y27: =$Y$1/R27 -> 13.888889 | AB27: =$Y$1/R27 -> 13.888889 | AE27: =$Y$1/R27 -> 13.888889 | AH27: =$Y$1/R27 -> 13.888889 | AK27: =$Y$1/R27 -> 13.888889 | AN27: =$Y$1/R27 -> 13.888889
B28: L | I28: 30023061 | N28: P002953 BBS Holder Front Right Press | O28: =O27 -> 1 | P28: 12 | Q28: SCESBA01 | R28: =$AB$1/P28 -> 300 | Y28: =$Y$1/R28 -> 3.3333333 | AB28: =$Y$1/R28 -> 3.3333333 | AE28: =$Y$1/R28 -> 3.3333333 | AH28: =$Y$1/R28 -> 3.3333333 | AK28: =$Y$1/R28 -> 3.3333333 | AN28: =$Y$1/R28 -> 3.3333333
B29: L | J29: 10034387 | N29: P002953 BBS Holder Front Right GP | O29: =O28 -> 1
B30: L | I30: 30023055 | N30: P002801 BBS Holder Front Reinf Bend | O30: =O27 -> 1 | P30: 18 | Q30: SCEBEA02 | R30: =$AB$1/P30 -> 200 | Y30: =$Y$1/R30 -> 5 | AB30: =$Y$1/R30 -> 5 | AE30: =$Y$1/R30 -> 5 | AH30: =$Y$1/R30 -> 5 | AK30: =$Y$1/R30 -> 5 | AN30: =$Y$1/R30 -> 5
B31: L | J31: 30022130 | N31: P002801 BBS Holder Front Reinf Laser | O31: =O30 -> 1 | P31: 13 | Q31: SCECUA04 | R31: =$AB$1/P31 -> 276.92308 | Y31: =$Y$1/R31 -> 3.6111111 | AB31: =$Y$1/R31 -> 3.6111111 | AE31: =$Y$1/R31 -> 3.6111111 | AH31: =$Y$1/R31 -> 3.6111111 | AK31: =$Y$1/R31 -> 3.6111111 | AN31: =$Y$1/R31 -> 3.6111111
B32: L | K32: 10030768 | N32: P002801 BBS Holder Front Reinf GP | O32: =O31 -> 1
B33: L | H33: 30023063 | N33: P002954 BBS Holder Rear Left Press | O33: =O17 -> 1 | P33: 12 | Q33: SCESBA01 | R33: =$AB$1/P33 -> 300 | Y33: =$Y$1/R33 -> 3.3333333 | AB33: =$Y$1/R33 -> 3.3333333 | AE33: =$Y$1/R33 -> 3.3333333 | AH33: =$Y$1/R33 -> 3.3333333 | AK33: =$Y$1/R33 -> 3.3333333 | AN33: =$Y$1/R33 -> 3.3333333
B34: L | I34: 10034388 | N34: P002954 BBS Holder Rear Left GP | O34: =O33 -> 1
B35: L | H35: 30023064 | N35: P002955 BBS Holder Rear Right Press | O35: =O19 -> 1 | P35: 12 | Q35: SCESBA01 | R35: =$AB$1/P35 -> 300 | Y35: =$Y$1/R35 -> 3.3333333 | AB35: =$Y$1/R35 -> 3.3333333 | AE35: =$Y$1/R35 -> 3.3333333 | AH35: =$Y$1/R35 -> 3.3333333 | AK35: =$Y$1/R35 -> 3.3333333 | AN35: =$Y$1/R35 -> 3.3333333
B36: L | I36: 10034389 | N36: P002955 BBS Holder Rear Right GP | O36: =O35 -> 1
B37: L | H37: 30023050 | N37: P002622 Locking Slide Bend | O37: =O17 -> 1 | P37: 36 | Q37: SCEBEA02 | R37: =$AB$1/P37 -> 100 | Y37: =$Y$1/R37 -> 10 | AB37: =$Y$1/R37 -> 10 | AE37: =$Y$1/R37 -> 10 | AH37: =$Y$1/R37 -> 10 | AK37: =$Y$1/R37 -> 10 | AN37: =$Y$1/R37 -> 10
B38: L | I38: 30023145 | N38: P002622 Locking Slide Laser | O38: =O37 -> 1 | P38: 8 | Q38: SCECUA04 | R38: 450 | Y38: 125 | AB38: 125 | AE38: 125 | AH38: 125 | AK38: 125 | AN38: 125
B39: L | J39: 10034294 | N39: P002622 Locking Slide GP | O39: =O37 -> 1
B40: L | H40: 30023053 | N40: P002626 Cover Support Spot | O40: =O17*2 -> 2 | P40: 32 | Q40: SCESGA01 | R40: =$AB$1/P40 -> 112.5 | Y40: =$Y$1/R40 -> 8.8888889 | AB40: =$Y$1/R40 -> 8.8888889 | AE40: =$Y$1/R40 -> 8.8888889 | AH40: =$Y$1/R40 -> 8.8888889 | AK40: =$Y$1/R40 -> 8.8888889 | AN40: =$Y$1/R40 -> 8.8888889
B41: L | I41: 30023051 | N41: P002626 Cover Support Bend | O41: =O40 -> 2 | P41: 18 | Q41: SCEBEA02 | R41: =$AB$1/P41 -> 200 | Y41: =$Y$1/R41 -> 5 | AB41: =$Y$1/R41 -> 5 | AE41: =$Y$1/R41 -> 5 | AH41: =$Y$1/R41 -> 5 | AK41: =$Y$1/R41 -> 5 | AN41: =$Y$1/R41 -> 5
B42: L | J42: 30023052 | N42: P002626 Cover Support Press | O42: =O40 -> 2 | P42: 24 | Q42: SCESBA01 | R42: =$AB$1/P42 -> 150 | Y42: =$Y$1/R42 -> 6.6666667 | AB42: =$Y$1/R42 -> 6.6666667 | AE42: =$Y$1/R42 -> 6.6666667 | AH42: =$Y$1/R42 -> 6.6666667 | AK42: =$Y$1/R42 -> 6.6666667 | AN42: =$Y$1/R42 -> 6.6666667
B43: L | K43: 10034298 | N43: P002626 Cover Support GP | O43: =O42 -> 2
B44: L | F44: 30023054 | N44: P002742 Rear Lock Row Press | O44: =-O5 -> -1 | P44: 12 | Q44: SCESBA01 | R44: =$AB$1/P44 -> 300 | Y44: =$Y$1/R44 -> 3.3333333 | AB44: =$Y$1/R44 -> 3.3333333 | AE44: =$Y$1/R44 -> 3.3333333 | AH44: =$Y$1/R44 -> 3.3333333 | AK44: =$Y$1/R44 -> 3.3333333 | AN44: =$Y$1/R44 -> 3.3333333
B45: L | G45: 10030772 | N45: P002742 Rear Lock Row | O45: =O5 -> 1
B46: L | F46: 10011564 | N46: MA99002500 welding thread CO2 0.8(15kg) | O46: 0.02
B47: L | F47: 10025819 | N47: แก๊ส Co2 | O47: 0.001
B48: L | E48: 10034196 | N48: CM01000007 High gloss red powder | O48: 1.52535
B49: L | E49: 10033352 | N49: FINE CLEANER T5008 | O49: 120.79295
B50: L | E50: 10033353 | N50: PREPALENE XG | O50: 5.3925424
B51: L | E51: 10033354 | N51: ADDITIVE 4977B | O51: 1.0785085
B52: L | E52: 10033355 | N52: PALBOND LT5103RF-1 | O52: 78.731119
B53: L | E53: 10033356 | N53: NEUTRALIZER 4055 | O53: 10.785085
B54: L | E54: 10033357 | N54: ACCELERATOR 131 | O54: 4.3140339
B55: L | D55: 30022139 | N55: U000434 Drawer Big(Left) Paint | O55: =O3*4 -> 4 | P55: 22.5 | Q55: SCECOA01 | R55: =$AB$1/P55 -> 160 | Y55: =$Y$1/R55 -> 6.25 | AB55: =$Y$1/R55 -> 6.25 | AE55: =$Y$1/R55 -> 6.25 | AH55: =$Y$1/R55 -> 6.25 | AK55: =$Y$1/R55 -> 6.25 | AN55: =$Y$1/R55 -> 6.25
B56: L | E56: 30022140 | N56: U000434 Drawer Big(Left) Spot | O56: =O55 -> 4 | P56: 110 | Q56: SCESGA01 | R56: =$AB$1/P56 -> 32.727273 | Y56: =$Y$1/R56 -> 30.555556 | AB56: =$Y$1/R56 -> 30.555556 | AE56: =$Y$1/R56 -> 30.555556 | AH56: =$Y$1/R56 -> 30.555556 | AK56: =$Y$1/R56 -> 30.555556 | AN56: =$Y$1/R56 -> 30.555556
B57: L | F57: 30022141 | N57: P002744 Drawer Body Big(Left) Bend | O57: =O56 -> 4 | P57: 36 | Q57: SCEBEA02 | R57: =$AB$1/P57 -> 100 | Y57: =$Y$1/R57 -> 10 | AB57: =$Y$1/R57 -> 10 | AE57: =$Y$1/R57 -> 10 | AH57: =$Y$1/R57 -> 10 | AK57: =$Y$1/R57 -> 10 | AN57: =$Y$1/R57 -> 10
B58: L | G58: 30022142 | N58: P002744 Drawer Body Big(Left) Press | O58: =O57 -> 4 | P58: 72 | Q58: SCESBA01 | R58: =$AB$1/P58 -> 50 | Y58: =$Y$1/R58 -> 20 | AB58: =$Y$1/R58 -> 20 | AE58: =$Y$1/R58 -> 20 | AH58: =$Y$1/R58 -> 20 | AK58: =$Y$1/R58 -> 20 | AN58: =$Y$1/R58 -> 20
B59: L | H59: 10030773 | N59: P002744 Drawer Body Big(Left) GP | O59: =O58 -> 4
B60: L | F60: 30023039 | N60: P002745 Drawer Handle Big(Left) Bend | O60: =O55 -> 4 | P60: 9 | Q60: SCEBEA02 | R60: =$AB$1/P60 -> 400 | Y60: =$Y$1/R60 -> 2.5 | AB60: =$Y$1/R60 -> 2.5 | AE60: =$Y$1/R60 -> 2.5 | AH60: =$Y$1/R60 -> 2.5 | AK60: =$Y$1/R60 -> 2.5 | AN60: =$Y$1/R60 -> 2.5
B61: L | G61: 30023040 | N61: P002745 Drawer Handle Big(Left) Press | O61: =O60 -> 4 | P61: 12 | Q61: SCESBA01 | R61: =$AB$1/P61 -> 300 | Y61: =$Y$1/R61 -> 3.3333333 | AB61: =$Y$1/R61 -> 3.3333333 | AE61: =$Y$1/R61 -> 3.3333333 | AH61: =$Y$1/R61 -> 3.3333333 | AK61: =$Y$1/R61 -> 3.3333333 | AN61: =$Y$1/R61 -> 3.3333333
B62: L | H62: 10030774 | N62: P002745 Drawer Handle Big(Left) GP | O62: =O61 -> 4
B63: L | F63: 30022146 | N63: P002746 Drawer Back Big(Left) Bend | O63: =O55 -> 4 | P63: 9 | Q63: SCEBEA02 | R63: =$AB$1/P63 -> 400 | Y63: =$Y$1/R63 -> 2.5 | AB63: =$Y$1/R63 -> 2.5 | AE63: =$Y$1/R63 -> 2.5 | AH63: =$Y$1/R63 -> 2.5 | AK63: =$Y$1/R63 -> 2.5 | AN63: =$Y$1/R63 -> 2.5
B64: L | G64: 10030775 | N64: P002746 Drawer Back Big(Left) GP | O64: =O55 -> 4
B65: L | E65: 10034196 | N65: CM01000007 High gloss red powder | O65: 0.18869516
B66: L | E66: 10033352 | N66: FINE CLEANER T5008 | O66: 14.942829
B67: L | E67: 10033353 | N67: PREPALENE XG | O67: 0.66709059
B68: L | E68: 10033354 | N68: ADDITIVE 4977B | O68: 0.13341812
B69: L | E69: 10033355 | N69: PALBOND LT5103RF-1 | O69: 9.7395226
B70: L | E70: 10033356 | N70: NEUTRALIZER 4055 | O70: 1.3341812
B71: L | E71: 10033357 | N71: ACCELERATOR 131 | O71: 0.53367247
B72: L | D72: 30022147 | N72: U000435 Drawer Middle Paint | O72: =O3*2 -> 2 | P72: 22.5 | Q72: SCECOA01 | R72: =$AB$1/P72 -> 160 | Y72: =$Y$1/R72 -> 6.25 | AB72: =$Y$1/R72 -> 6.25 | AE72: =$Y$1/R72 -> 6.25 | AH72: =$Y$1/R72 -> 6.25 | AK72: =$Y$1/R72 -> 6.25 | AN72: =$Y$1/R72 -> 6.25
B73: L | E73: 30022148 | N73: U000435 Drawer Middle Spot | O73: =O72 -> 2 | P73: 150 | Q73: SCESGA01 | R73: =$AB$1/P73 -> 24 | Y73: =$Y$1/R73 -> 41.666667 | AB73: =$Y$1/R73 -> 41.666667 | AE73: =$Y$1/R73 -> 41.666667 | AH73: =$Y$1/R73 -> 41.666667 | AK73: =$Y$1/R73 -> 41.666667 | AN73: =$Y$1/R73 -> 41.666667
B74: L | F74: 30022149 | N74: P002747 Drawer Body Middle Bend | O74: =O73 -> 2 | P74: 36 | Q74: SCEBEA02 | R74: =$AB$1/P74 -> 100 | Y74: =$Y$1/R74 -> 10 | AB74: =$Y$1/R74 -> 10 | AE74: =$Y$1/R74 -> 10 | AH74: =$Y$1/R74 -> 10 | AK74: =$Y$1/R74 -> 10 | AN74: =$Y$1/R74 -> 10
B75: L | G75: 30022150 | N75: P002747 Drawer Body Middle Press | O75: =O74 -> 2 | P75: 72 | Q75: SCESBA01 | R75: =$AB$1/P75 -> 50 | Y75: =$Y$1/R75 -> 20 | AB75: =$Y$1/R75 -> 20 | AE75: =$Y$1/R75 -> 20 | AH75: =$Y$1/R75 -> 20 | AK75: =$Y$1/R75 -> 20 | AN75: =$Y$1/R75 -> 20
B76: L | H76: 10030776 | N76: P002747 Drawer Body Middle GP | O76: =O75 -> 2
B77: L | F77: 30022151 | N77: P002748 Drawer Handle Middle Bend | O77: =O73 -> 2 | P77: 9 | Q77: SCEBEA02 | R77: =$AB$1/P77 -> 400 | Y77: =$Y$1/R77 -> 2.5 | AB77: =$Y$1/R77 -> 2.5 | AE77: =$Y$1/R77 -> 2.5 | AH77: =$Y$1/R77 -> 2.5 | AK77: =$Y$1/R77 -> 2.5 | AN77: =$Y$1/R77 -> 2.5
B78: L | G78: 30022152 | N78: P002748 Drawer Handle Middle Press | O78: =O73 -> 2 | P78: 12 | Q78: SCESBA01 | R78: =$AB$1/P78 -> 300 | Y78: =$Y$1/R78 -> 3.3333333 | AB78: =$Y$1/R78 -> 3.3333333 | AE78: =$Y$1/R78 -> 3.3333333 | AH78: =$Y$1/R78 -> 3.3333333 | AK78: =$Y$1/R78 -> 3.3333333 | AN78: =$Y$1/R78 -> 3.3333333
B79: L | H79: 10030777 | N79: P002748 Drawer Handle Middle GP | O79: =O73 -> 2
B80: L | F80: 30022154 | N80: P002749 Drawer Back Middle Bend | O80: =O73 -> 2 | P80: 9 | Q80: SCEBEA02 | R80: =$AB$1/P80 -> 400 | Y80: =$Y$1/R80 -> 2.5 | AB80: =$Y$1/R80 -> 2.5 | AE80: =$Y$1/R80 -> 2.5 | AH80: =$Y$1/R80 -> 2.5 | AK80: =$Y$1/R80 -> 2.5 | AN80: =$Y$1/R80 -> 2.5
B81: L | G81: 10030778 | N81: P002749 Drawer Back Middle GP | O81: =O73 -> 2
B82: L | E82: 10034196 | N82: CM01000007 High gloss red powder | O82: 0.24583027
B83: L | E83: 10033352 | N83: FINE CLEANER T5008 | O83: 19.467377
B84: L | E84: 10033353 | N84: PREPALENE XG | O84: 0.86907932
B85: L | E85: 10033354 | N85: ADDITIVE 4977B | O85: 0.17381586
B86: L | E86: 10033355 | N86: PALBOND LT5103RF-1 | O86: 12.688558
B87: L | E87: 10033356 | N87: NEUTRALIZER 4055 | O87: 1.7381586
B88: L | E88: 10033357 | N88: ACCELERATOR 131 | O88: 0.69526345
B89: L | D89: 30022155 | N89: U000436 Drawer Extra Big(Left) Paint | O89: =O3 -> 1 | P89: 22.5 | Q89: SCECOA01 | R89: =$AB$1/P89 -> 160 | Y89: =$Y$1/R89 -> 6.25 | AB89: =$Y$1/R89 -> 6.25 | AE89: =$Y$1/R89 -> 6.25 | AH89: =$Y$1/R89 -> 6.25 | AK89: =$Y$1/R89 -> 6.25 | AN89: =$Y$1/R89 -> 6.25
B90: L | E90: 30022156 | N90: U000436 Drawer Extra Big(Left) Spot | O90: =O89 -> 1 | P90: 150 | Q90: SCESGA01 | R90: =$AB$1/P90 -> 24 | Y90: =$Y$1/R90 -> 41.666667 | AB90: =$Y$1/R90 -> 41.666667 | AE90: =$Y$1/R90 -> 41.666667 | AH90: =$Y$1/R90 -> 41.666667 | AK90: =$Y$1/R90 -> 41.666667 | AN90: =$Y$1/R90 -> 41.666667
B91: L | F91: 30022157 | N91: P002750 Drawer Body Extra Big(Left) Bend | O91: =O90 -> 1 | P91: 36 | Q91: SCEBEA02 | R91: =$AB$1/P91 -> 100 | Y91: =$Y$1/R91 -> 10 | AB91: =$Y$1/R91 -> 10 | AE91: =$Y$1/R91 -> 10 | AH91: =$Y$1/R91 -> 10 | AK91: =$Y$1/R91 -> 10 | AN91: =$Y$1/R91 -> 10
B92: L | G92: 30022158 | N92: P002750 Drawer Body Extra Big(Left) Press | O92: =O91 -> 1 | P92: 72 | Q92: SCESBA01 | R92: =$AB$1/P92 -> 50 | Y92: =$Y$1/R92 -> 20 | AB92: =$Y$1/R92 -> 20 | AE92: =$Y$1/R92 -> 20 | AH92: =$Y$1/R92 -> 20 | AK92: =$Y$1/R92 -> 20 | AN92: =$Y$1/R92 -> 20
B93: L | H93: 10030779 | N93: P002750 Drawer Body Extra Big(Left) GP | O93: =O92 -> 1
F94: 30023081 | N94: P002751 Drawer Handle Extra Big(Left) Press | O94: =O90 -> 1 | P94: 12 | Q94: SCESBA01 | R94: =$AA$1/P94 -> 0 | X94: =$X$1/R94 -> #DIV/0! | AA94: =$X$1/R94 -> #DIV/0! | AD94: =$X$1/R94 -> #DIV/0! | AG94: =$X$1/R94 -> #DIV/0! | AJ94: =$X$1/R94 -> #DIV/0! | AM94: =$X$1/R94 -> #DIV/0!
G95: 30023080 | N95: P002751 Drawer Handle Extra Big(Left) Bend | O95: =O94 -> 1 | P95: 9 | Q95: SCEBEA02 | R95: =$AA$1/P95 -> 0 | X95: =$X$1/R95 -> #DIV/0! | AA95: =$X$1/R95 -> #DIV/0! | AD95: =$X$1/R95 -> #DIV/0! | AG95: =$X$1/R95 -> #DIV/0! | AJ95: =$X$1/R95 -> #DIV/0! | AM95: =$X$1/R95 -> #DIV/0!
H96: 10030780 | N96: P002751 Drawer Handle Extra Big(Left) GP | O96: =O95 -> 1
B97: L | F97: 30022162 | N97: P002752 Drawer Back Extra Big(Left) Bend | O97: =O89 -> 1 | P97: 9 | Q97: SCEBEA02 | R97: =$AB$1/P97 -> 400 | Y97: =$Y$1/R97 -> 2.5 | AB97: =$Y$1/R97 -> 2.5 | AE97: =$Y$1/R97 -> 2.5 | AH97: =$Y$1/R97 -> 2.5 | AK97: =$Y$1/R97 -> 2.5 | AN97: =$Y$1/R97 -> 2.5
B98: L | G98: 10030781 | N98: P002752 Drawer Back Extra Big(Left) GP | O98: =O90 -> 1
B99: L | E99: 10034196 | N99: CM01000007 High gloss red powder | O99: 0.25820884
B100: L | E100: 10033352 | N100: FINE CLEANER T5008 | O100: 20.44764
B101: L | E101: 10033353 | N101: PREPALENE XG | O101: 0.91284108
...

Sheet CPI27 (3)
A1: NO | B1: Status | M1: Remark | N1: PART NAME (Geelong ) | O1: Q'TY | Q1: Work Center | R1: CT | S1: Alt. BOM | T1: Group Center | U1: Seq. | V1: Operation | W1: Group | Y1: 1000 | AB1: 3600
B3: L | C3: 40012178 | N3: TC-2707TSR | O3: 1 | P3: 22.5 | Q3: SCEASA01 | R3: =$AB$1/P3 -> 160 | Y3: =$Y$1/R3 -> 6.25 | AB3: =$Y$1/R3 -> 6.25 | AE3: =$Y$1/R3 -> 6.25 | AH3: =$Y$1/R3 -> 6.25 | AK3: =$Y$1/R3 -> 6.25 | AN3: =$Y$1/R3 -> 6.25
B4: L | D4: 30022112 | N4: U000433 Box Paint | O4: =O3 -> 1 | P4: 22.5 | Q4: SCECOA01 | R4: =$AB$1/P4 -> 160 | Y4: =$Y$1/R4 -> 6.25 | AB4: =$Y$1/R4 -> 6.25 | AE4: =$Y$1/R4 -> 6.25 | AH4: =$Y$1/R4 -> 6.25 | AK4: =$Y$1/R4 -> 6.25 | AN4: =$Y$1/R4 -> 6.25
B5: L | E5: 30022113 | N5: U000433 Box Weld | O5: =O4 -> 1 | P5: =180+60 -> 240 | Q5: SCEGWA01 | R5: =$AB$1/P5 -> 15 | Y5: =$Y$1/R5 -> 66.666667 | AB5: =$Y$1/R5 -> 66.666667 | AE5: =$Y$1/R5 -> 66.666667 | AH5: =$Y$1/R5 -> 66.666667 | AK5: =$Y$1/R5 -> 66.666667 | AN5: =$Y$1/R5 -> 66.666667
B6: L | F6: 30022114 | N6: U000433 Box Spot | O6: =O5 -> 1 | P6: =350 -> 350 | Q6: SCESGA01 | R6: =$AB$1/P6 -> 10.285714 | Y6: =$Y$1/R6 -> 97.222222 | AB6: =$Y$1/R6 -> 97.222222 | AE6: =$Y$1/R6 -> 97.222222 | AH6: =$Y$1/R6 -> 97.222222 | AK6: =$Y$1/R6 -> 97.222222 | AN6: =$Y$1/R6 -> 97.222222
B7: L | G7: 30022115 | N7: P002732 Top Cover Spot | O7: =O6 -> 1 | P7: 10 | Q7: SCESGA01 | R7: =$AB$1/P7 -> 360 | Y7: =$Y$1/R7 -> 2.7777778 | AB7: =$Y$1/R7 -> 2.7777778 | AE7: =$Y$1/R7 -> 2.7777778 | AH7: =$Y$1/R7 -> 2.7777778 | AK7: =$Y$1/R7 -> 2.7777778 | AN7: =$Y$1/R7 -> 2.7777778
B8: L | H8: 30022116 | N8: P002732 Top Cover Bend | O8: =O7 -> 1 | P8: 18 | Q8: SCEBEA02 | R8: =$AB$1/P8 -> 200 | Y8: =$Y$1/R8 -> 5 | AB8: =$Y$1/R8 -> 5 | AE8: =$Y$1/R8 -> 5 | AH8: =$Y$1/R8 -> 5 | AK8: =$Y$1/R8 -> 5 | AN8: =$Y$1/R8 -> 5
B9: L | I9: 30022117 | N9: P002732 Top Cover IPC | O9: =O8 -> 1
B10: L | J10: 10030761 | N10: P002732 Top Cover GP | O10: =O9 -> 1
B11: L | H11: 10030762 | N11: P002571 Hook Holder GP | O11: =O7 -> 1
B12: L | G12: 30022119 | N12: P002733 Bottom Back Bend | O12: =O6 -> 1 | P12: 9 | Q12: SCEBEA02 | R12: =$AB$1/P12 -> 400 | Y12: =$Y$1/R12 -> 2.5 | AB12: =$Y$1/R12 -> 2.5 | AE12: =$Y$1/R12 -> 2.5 | AH12: =$Y$1/R12 -> 2.5 | AK12: =$Y$1/R12 -> 2.5 | AN12: =$Y$1/R12 -> 2.5
B13: L | H13: 30022120 | N13: P002733 Bottom Back IPC | O13: =O12 -> 1
B14: L | I14: 10030763 | N14: P002733 Bottom Back GP | O14: =O13 -> 1
B15: L | G15: 30022121 | N15: P002734 Bottom Cover Reinf Bend | O15: =O6*2 -> 2 | P15: 27 | Q15: SCEBEA02 | R15: =$AB$1/P15 -> 133.33333 | Y15: =$Y$1/R15 -> 7.5 | AB15: =$Y$1/R15 -> 7.5 | AE15: =$Y$1/R15 -> 7.5 | AH15: =$Y$1/R15 -> 7.5 | AK15: =$Y$1/R15 -> 7.5 | AN15: =$Y$1/R15 -> 7.5
B16: L | H16: 10030764 | N16: P002734 Bottom Cover Reinf GP | O16: =O15 -> 2
B17: L | G17: 30023058 | N17: P002951 Box Spot | O17: =O6 -> 1 | P17: =40+40+75+75+45+80 -> 355 | Q17: SCESGA01 | R17: =$AB$1/P17 -> 10.140845 | Y17: =$Y$1/R17 -> 98.611111 | AB17: =$Y$1/R17 -> 98.611111 | AE17: =$Y$1/R17 -> 98.611111 | AH17: =$Y$1/R17 -> 98.611111 | AK17: =$Y$1/R17 -> 98.611111 | AN17: =$Y$1/R17 -> 98.611111
B18: L | H18: 30023056 | N18: P002951 Box Bend | O18: =O17 -> 1 | P18: 54 | Q18: SCESBA01 | R18: =$AB$1/P18 -> 66.666667 | Y18: =$Y$1/R18 -> 15 | AB18: =$Y$1/R18 -> 15 | AE18: =$Y$1/R18 -> 15 | AH18: =$Y$1/R18 -> 15 | AK18: =$Y$1/R18 -> 15 | AN18: =$Y$1/R18 -> 15
B19: L | I19: 30023057 | N19: P002951 Box Press | O19: =O17 -> 1 | P19: 24 | Q19: SCESBA01 | R19: =$AB$1/P19 -> 150 | Y19: =$Y$1/R19 -> 6.6666667 | AB19: =$Y$1/R19 -> 6.6666667 | AE19: =$Y$1/R19 -> 6.6666667 | AH19: =$Y$1/R19 -> 6.6666667 | AK19: =$Y$1/R19 -> 6.6666667 | AN19: =$Y$1/R19 -> 6.6666667
B20: L | J20: 10034385 | N20: P002951 Box GP | O20: =O19 -> 1
B21: L | H21: 30023060 | N21: P002952 BBS Holder Front Left Spot | O21: =O17 -> 1 | P21: 50 | Q21: SCESGA01 | R21: =$AB$1/P21 -> 72 | Y21: =$Y$1/R21 -> 13.888889 | AB21: =$Y$1/R21 -> 13.888889 | AE21: =$Y$1/R21 -> 13.888889 | AH21: =$Y$1/R21 -> 13.888889 | AK21: =$Y$1/R21 -> 13.888889 | AN21: =$Y$1/R21 -> 13.888889
B22: L | I22: 30023059 | N22: P002952 BBS Holder Front Left Press | O22: =O19 -> 1 | P22: 12 | Q22: SCESBA01 | R22: =$AB$1/P22 -> 300 | Y22: =$Y$1/R22 -> 3.3333333 | AB22: =$Y$1/R22 -> 3.3333333 | AE22: =$Y$1/R22 -> 3.3333333 | AH22: =$Y$1/R22 -> 3.3333333 | AK22: =$Y$1/R22 -> 3.3333333 | AN22: =$Y$1/R22 -> 3.3333333
B23: L | J23: 10034386 | N23: P002952 BBS Holder Front Left GP | O23: =O20 -> 1
B24: L | I24: 30023055 | N24: P002801 BBS Holder Front Reinf Bend | O24: =O21 -> 1 | P24: 18 | Q24: SCEBEA02 | R24: =$AB$1/P24 -> 200 | Y24: =$Y$1/R24 -> 5 | AB24: =$Y$1/R24 -> 5 | AE24: =$Y$1/R24 -> 5 | AH24: =$Y$1/R24 -> 5 | AK24: =$Y$1/R24 -> 5 | AN24: =$Y$1/R24 -> 5
B25: L | J25: 30022130 | N25: P002801 BBS Holder Front Reinf Laser | O25: =O24 -> 1 | P25: 13 | Q25: SCECUA04 | R25: =$AB$1/P25 -> 276.92308 | Y25: =$Y$1/R25 -> 3.6111111 | AB25: =$Y$1/R25 -> 3.6111111 | AE25: =$Y$1/R25 -> 3.6111111 | AH25: =$Y$1/R25 -> 3.6111111 | AK25: =$Y$1/R25 -> 3.6111111 | AN25: =$Y$1/R25 -> 3.6111111
B26: L | K26: 10030768 | N26: P002801 BBS Holder Front Reinf GP | O26: =O25 -> 1
B27: L | H27: 30023062 | N27: P002953 BBS Holder Front Right Spot | O27: =O19 -> 1 | P27: 50 | Q27: SCESGA01 | R27: =$AB$1/P27 -> 72 | Y27: =$Y$1/R27 -> 13.888889 | AB27: =$Y$1/R27 -> 13.888889 | AE27: =$Y$1/R27 -> 13.888889 | AH27: =$Y$1/R27 -> 13.888889 | AK27: =$Y$1/R27 -> 13.888889 | AN27: =$Y$1/R27 -> 13.888889
B28: L | I28: 30023061 | N28: P002953 BBS Holder Front Right Press | O28: =O27 -> 1 | P28: 12 | Q28: SCESBA01 | R28: =$AB$1/P28 -> 300 | Y28: =$Y$1/R28 -> 3.3333333 | AB28: =$Y$1/R28 -> 3.3333333 | AE28: =$Y$1/R28 -> 3.3333333 | AH28: =$Y$1/R28 -> 3.3333333 | AK28: =$Y$1/R28 -> 3.3333333 | AN28: =$Y$1/R28 -> 3.3333333
B29: L | J29: 10034387 | N29: P002953 BBS Holder Front Right GP | O29: =O28 -> 1
B30: L | I30: 30023055 | N30: P002801 BBS Holder Front Reinf Bend | O30: =O27 -> 1 | P30: 18 | Q30: SCEBEA02 | R30: =$AB$1/P30 -> 200 | Y30: =$Y$1/R30 -> 5 | AB30: =$Y$1/R30 -> 5 | AE30: =$Y$1/R30 -> 5 | AH30: =$Y$1/R30 -> 5 | AK30: =$Y$1/R30 -> 5 | AN30: =$Y$1/R30 -> 5
B31: L | J31: 30022130 | N31: P002801 BBS Holder Front Reinf Laser | O31: =O30 -> 1 | P31: 13 | Q31: SCECUA04 | R31: =$AB$1/P31 -> 276.92308 | Y31: =$Y$1/R31 -> 3.6111111 | AB31: =$Y$1/R31 -> 3.6111111 | AE31: =$Y$1/R31 -> 3.6111111 | AH31: =$Y$1/R31 -> 3.6111111 | AK31: =$Y$1/R31 -> 3.6111111 | AN31: =$Y$1/R31 -> 3.6111111
B32: L | K32: 10030768 | N32: P002801 BBS Holder Front Reinf GP | O32: =O31 -> 1
B33: L | H33: 30023063 | N33: P002954 BBS Holder Rear Left Press | O33: =O17 -> 1 | P33: 12 | Q33: SCESBA01 | R33: =$AB$1/P33 -> 300 | Y33: =$Y$1/R33 -> 3.3333333 | AB33: =$Y$1/R33 -> 3.3333333 | AE33: =$Y$1/R33 -> 3.3333333 | AH33: =$Y$1/R33 -> 3.3333333 | AK33: =$Y$1/R33 -> 3.3333333 | AN33: =$Y$1/R33 -> 3.3333333
B34: L | I34: 10034388 | N34: P002954 BBS Holder Rear Left GP | O34: =O33 -> 1
B35: L | H35: 30023064 | N35: P002955 BBS Holder Rear Right Press | O35: =O19 -> 1 | P35: 12 | Q35: SCESBA01 | R35: =$AB$1/P35 -> 300 | Y35: =$Y$1/R35 -> 3.3333333 | AB35: =$Y$1/R35 -> 3.3333333 | AE35: =$Y$1/R35 -> 3.3333333 | AH35: =$Y$1/R35 -> 3.3333333 | AK35: =$Y$1/R35 -> 3.3333333 | AN35: =$Y$1/R35 -> 3.3333333
B36: L | I36: 10034389 | N36: P002955 BBS Holder Rear Right GP | O36: =O35 -> 1
B37: L | H37: 30023050 | N37: P002622 Locking Slide Bend | O37: =O17 -> 1 | P37: 36 | Q37: SCEBEA02 | R37: =$AB$1/P37 -> 100 | Y37: =$Y$1/R37 -> 10 | AB37: =$Y$1/R37 -> 10 | AE37: =$Y$1/R37 -> 10 | AH37: =$Y$1/R37 -> 10 | AK37: =$Y$1/R37 -> 10 | AN37: =$Y$1/R37 -> 10
B38: L | I38: 30023145 | N38: P002622 Locking Slide Laser | O38: =O37 -> 1 | P38: 8 | Q38: SCECUA04 | R38: 450 | Y38: 125 | AB38: 125 | AE38: 125 | AH38: 125 | AK38: 125 | AN38: 125
B39: L | J39: 10034294 | N39: P002622 Locking Slide GP | O39: =O37 -> 1
B40: L | H40: 30023053 | N40: P002626 Cover Support Spot | O40: =O17*2 -> 2 | P40: 32 | Q40: SCESGA01 | R40: =$AB$1/P40 -> 112.5 | Y40: =$Y$1/R40 -> 8.8888889 | AB40: =$Y$1/R40 -> 8.8888889 | AE40: =$Y$1/R40 -> 8.8888889 | AH40: =$Y$1/R40 -> 8.8888889 | AK40: =$Y$1/R40 -> 8.8888889 | AN40: =$Y$1/R40 -> 8.8888889
B41: L | I41: 30023051 | N41: P002626 Cover Support Bend | O41: =O40 -> 2 | P41: 18 | Q41: SCEBEA02 | R41: =$AB$1/P41 -> 200 | Y41: =$Y$1/R41 -> 5 | AB41: =$Y$1/R41 -> 5 | AE41: =$Y$1/R41 -> 5 | AH41: =$Y$1/R41 -> 5 | AK41: =$Y$1/R41 -> 5 | AN41: =$Y$1/R41 -> 5
B42: L | J42: 30023052 | N42: P002626 Cover Support Press | O42: =O40 -> 2 | P42: 24 | Q42: SCESBA01 | R42: =$AB$1/P42 -> 150 | Y42: =$Y$1/R42 -> 6.6666667 | AB42: =$Y$1/R42 -> 6.6666667 | AE42: =$Y$1/R42 -> 6.6666667 | AH42: =$Y$1/R42 -> 6.6666667 | AK42: =$Y$1/R42 -> 6.6666667 | AN42: =$Y$1/R42 -> 6.6666667
B43: L | K43: 10034298 | N43: P002626 Cover Support GP | O43: =O42 -> 2
B44: L | F44: 30023054 | N44: P002742 Rear Lock Row Press | O44: =-O5 -> -1 | P44: 12 | Q44: SCESBA01 | R44: =$AB$1/P44 -> 300 | Y44: =$Y$1/R44 -> 3.3333333 | AB44: =$Y$1/R44 -> 3.3333333 | AE44: =$Y$1/R44 -> 3.3333333 | AH44: =$Y$1/R44 -> 3.3333333 | AK44: =$Y$1/R44 -> 3.3333333 | AN44: =$Y$1/R44 -> 3.3333333
B45: L | G45: 10030772 | N45: P002742 Rear Lock Row | O45: =O5 -> 1
B46: L | F46: 10011564 | N46: MA99002500 welding thread CO2 0.8(15kg) | O46: 0.02
B47: L | F47: 10025819 | N47: แก๊ส Co2 | O47: 0.001
B48: L | E48: 10034196 | N48: CM01000007 High gloss red powder | O48: 1.52535
B49: L | E49: 10033352 | N49: FINE CLEANER T5008 | O49: 120.79295
B50: L | E50: 10033353 | N50: PREPALENE XG | O50: 5.3925424
B51: L | E51: 10033354 | N51: ADDITIVE 4977B | O51: 1.0785085
B52: L | E52: 10033355 | N52: PALBOND LT5103RF-1 | O52: 78.731119
B53: L | E53: 10033356 | N53: NEUTRALIZER 4055 | O53: 10.785085
B54: L | E54: 10033357 | N54: ACCELERATOR 131 | O54: 4.3140339
B55: L | D55: 30022139 | N55: U000434 Drawer Big(Left) Paint | O55: =O3*4 -> 4 | P55: 22.5 | Q55: SCECOA01 | R55: =$AB$1/P55 -> 160 | Y55: =$Y$1/R55 -> 6.25 | AB55: =$Y$1/R55 -> 6.25 | AE55: =$Y$1/R55 -> 6.25 | AH55: =$Y$1/R55 -> 6.25 | AK55: =$Y$1/R55 -> 6.25 | AN55: =$Y$1/R55 -> 6.25
B56: L | E56: 30022140 | N56: U000434 Drawer Big(Left) Spot | O56: =O55 -> 4 | P56: 110 | Q56: SCESGA01 | R56: =$AB$1/P56 -> 32.727273 | Y56: =$Y$1/R56 -> 30.555556 | AB56: =$Y$1/R56 -> 30.555556 | AE56: =$Y$1/R56 -> 30.555556 | AH56: =$Y$1/R56 -> 30.555556 | AK56: =$Y$1/R56 -> 30.555556 | AN56: =$Y$1/R56 -> 30.555556
B57: L | F57: 30022141 | N57: P002744 Drawer Body Big(Left) Bend | O57: =O56 -> 4 | P57: 36 | Q57: SCEBEA02 | R57: =$AB$1/P57 -> 100 | Y57: =$Y$1/R57 -> 10 | AB57: =$Y$1/R57 -> 10 | AE57: =$Y$1/R57 -> 10 | AH57: =$Y$1/R57 -> 10 | AK57: =$Y$1/R57 -> 10 | AN57: =$Y$1/R57 -> 10
B58: L | G58: 30022142 | N58: P002744 Drawer Body Big(Left) Press | O58: =O57 -> 4 | P58: 72 | Q58: SCESBA01 | R58: =$AB$1/P58 -> 50 | Y58: =$Y$1/R58 -> 20 | AB58: =$Y$1/R58 -> 20 | AE58: =$Y$1/R58 -> 20 | AH58: =$Y$1/R58 -> 20 | AK58: =$Y$1/R58 -> 20 | AN58: =$Y$1/R58 -> 20
B59: L | H59: 10030773 | N59: P002744 Drawer Body Big(Left) GP | O59: =O58 -> 4
B60: L | F60: 30023039 | N60: P002745 Drawer Handle Big(Left) Bend | O60: =O55 -> 4 | P60: 9 | Q60: SCEBEA02 | R60: =$AB$1/P60 -> 400 | Y60: =$Y$1/R60 -> 2.5 | AB60: =$Y$1/R60 -> 2.5 | AE60: =$Y$1/R60 -> 2.5 | AH60: =$Y$1/R60 -> 2.5 | AK60: =$Y$1/R60 -> 2.5 | AN60: =$Y$1/R60 -> 2.5
B61: L | G61: 30023040 | N61: P002745 Drawer Handle Big(Left) Press | O61: =O60 -> 4 | P61: 12 | Q61: SCESBA01 | R61: =$AB$1/P61 -> 300 | Y61: =$Y$1/R61 -> 3.3333333 | AB61: =$Y$1/R61 -> 3.3333333 | AE61: =$Y$1/R61 -> 3.3333333 | AH61: =$Y$1/R61 -> 3.3333333 | AK61: =$Y$1/R61 -> 3.3333333 | AN61: =$Y$1/R61 -> 3.3333333
B62: L | H62: 10030774 | N62: P002745 Drawer Handle Big(Left) GP | O62: =O61 -> 4
B63: L | F63: 30022146 | N63: P002746 Drawer Back Big(Left) Bend | O63: =O55 -> 4 | P63: 9 | Q63: SCEBEA02 | R63: =$AB$1/P63 -> 400 | Y63: =$Y$1/R63 -> 2.5 | AB63: =$Y$1/R63 -> 2.5 | AE63: =$Y$1/R63 -> 2.5 | AH63: =$Y$1/R63 -> 2.5 | AK63: =$Y$1/R63 -> 2.5 | AN63: =$Y$1/R63 -> 2.5
B64: L | G64: 10030775 | N64: P002746 Drawer Back Big(Left) GP | O64: =O55 -> 4
B65: L | E65: 10034196 | N65: CM01000007 High gloss red powder | O65: 0.18869516
B66: L | E66: 10033352 | N66: FINE CLEANER T5008 | O66: 14.942829
B67: L | E67: 10033353 | N67: PREPALENE XG | O67: 0.66709059
B68: L | E68: 10033354 | N68: ADDITIVE 4977B | O68: 0.13341812
B69: L | E69: 10033355 | N69: PALBOND LT5103RF-1 | O69: 9.7395226
B70: L | E70: 10033356 | N70: NEUTRALIZER 4055 | O70: 1.3341812
B71: L | E71: 10033357 | N71: ACCELERATOR 131 | O71: 0.53367247
B72: L | D72: 30022147 | N72: U000435 Drawer Middle Paint | O72: =O3*2 -> 2 | P72: 22.5 | Q72: SCECOA01 | R72: =$AB$1/P72 -> 160 | Y72: =$Y$1/R72 -> 6.25 | AB72: =$Y$1/R72 -> 6.25 | AE72: =$Y$1/R72 -> 6.25 | AH72: =$Y$1/R72 -> 6.25 | AK72: =$Y$1/R72 -> 6.25 | AN72: =$Y$1/R72 -> 6.25
B73: L | E73: 30022148 | N73: U000435 Drawer Middle Spot | O73: =O72 -> 2 | P73: 150 | Q73: SCESGA01 | R73: =$AB$1/P73 -> 24 | Y73: =$Y$1/R73 -> 41.666667 | AB73: =$Y$1/R73 -> 41.666667 | AE73: =$Y$1/R73 -> 41.666667 | AH73: =$Y$1/R73 -> 41.666667 | AK73: =$Y$1/R73 -> 41.666667 | AN73: =$Y$1/R73 -> 41.666667
B74: L | F74: 30022149 | N74: P002747 Drawer Body Middle Bend | O74: =O73 -> 2 | P74: 36 | Q74: SCEBEA02 | R74: =$AB$1/P74 -> 100 | Y74: =$Y$1/R74 -> 10 | AB74: =$Y$1/R74 -> 10 | AE74: =$Y$1/R74 -> 10 | AH74: =$Y$1/R74 -> 10 | AK74: =$Y$1/R74 -> 10 | AN74: =$Y$1/R74 -> 10
B75: L | G75: 30022150 | N75: P002747 Drawer Body Middle Press | O75: =O74 -> 2 | P75: 72 | Q75: SCESBA01 | R75: =$AB$1/P75 -> 50 | Y75: =$Y$1/R75 -> 20 | AB75: =$Y$1/R75 -> 20 | AE75: =$Y$1/R75 -> 20 | AH75: =$Y$1/R75 -> 20 | AK75: =$Y$1/R75 -> 20 | AN75: =$Y$1/R75 -> 20
B76: L | H76: 10030776 | N76: P002747 Drawer Body Middle GP | O76: =O75 -> 2
B77: L | F77: 30022151 | N77: P002748 Drawer Handle Middle Bend | O77: =O73 -> 2 | P77: 9 | Q77: SCEBEA02 | R77: =$AB$1/P77 -> 400 | Y77: =$Y$1/R77 -> 2.5 | AB77: =$Y$1/R77 -> 2.5 | AE77: =$Y$1/R77 -> 2.5 | AH77: =$Y$1/R77 -> 2.5 | AK77: =$Y$1/R77 -> 2.5 | AN77: =$Y$1/R77 -> 2.5
B78: L | G78: 30022152 | N78: P002748 Drawer Handle Middle Press | O78: =O73 -> 2 | P78: 12 | Q78: SCESBA01 | R78: =$AB$1/P78 -> 300 | Y78: =$Y$1/R78 -> 3.3333333 | AB78: =$Y$1/R78 -> 3.3333333 | AE78: =$Y$1/R78 -> 3.3333333 | AH78: =$Y$1/R78 -> 3.3333333 | AK78: =$Y$1/R78 -> 3.3333333 | AN78: =$Y$1/R78 -> 3.3333333
B79: L | H79: 10030777 | N79: P002748 Drawer Handle Middle GP | O79: =O73 -> 2
B80: L | F80: 30022154 | N80: P002749 Drawer Back Middle Bend | O80: =O73 -> 2 | P80: 9 | Q80: SCEBEA02 | R80: =$AB$1/P80 -> 400 | Y80: =$Y$1/R80 -> 2.5 | AB80: =$Y$1/R80 -> 2.5 | AE80: =$Y$1/R80 -> 2.5 | AH80: =$Y$1/R80 -> 2.5 | AK80: =$Y$1/R80 -> 2.5 | AN80: =$Y$1/R80 -> 2.5
B81: L | G81: 10030778 | N81: P002749 Drawer Back Middle GP | O81: =O73 -> 2
B82: L | E82: 10034196 | N82: CM01000007 High gloss red powder | O82: 0.24583027
B83: L | E83: 10033352 | N83: FINE CLEANER T5008 | O83: 19.467377
B84: L | E84: 10033353 | N84: PREPALENE XG | O84: 0.86907932
B85: L | E85: 10033354 | N85: ADDITIVE 4977B | O85: 0.17381586
B86: L | E86: 10033355 | N86: PALBOND LT5103RF-1 | O86: 12.688558
B87: L | E87: 10033356 | N87: NEUTRALIZER 4055 | O87: 1.7381586
B88: L | E88: 10033357 | N88: ACCELERATOR 131 | O88: 0.69526345
B89: L | D89: 30022155 | N89: U000436 Drawer Extra Big(Left) Paint | O89: =O3 -> 1 | P89: 22.5 | Q89: SCECOA01 | R89: =$AB$1/P89 -> 160 | Y89: =$Y$1/R89 -> 6.25 | AB89: =$Y$1/R89 -> 6.25 | AE89: =$Y$1/R89 -> 6.25 | AH89: =$Y$1/R89 -> 6.25 | AK89: =$Y$1/R89 -> 6.25 | AN89: =$Y$1/R89 -> 6.25
B90: L | E90: 30022156 | N90: U000436 Drawer Extra Big(Left) Spot | O90: =O89 -> 1 | P90: 150 | Q90: SCESGA01 | R90: =$AB$1/P90 -> 24 | Y90: =$Y$1/R90 -> 41.666667 | AB90: =$Y$1/R90 -> 41.666667 | AE90: =$Y$1/R90 -> 41.666667 | AH90: =$Y$1/R90 -> 41.666667 | AK90: =$Y$1/R90 -> 41.666667 | AN90: =$Y$1/R90 -> 41.666667
B91: L | F91: 30022157 | N91: P002750 Drawer Body Extra Big(Left) Bend | O91: =O90 -> 1 | P91: 36 | Q91: SCEBEA02 | R91: =$AB$1/P91 -> 100 | Y91: =$Y$1/R91 -> 10 | AB91: =$Y$1/R91 -> 10 | AE91: =$Y$1/R91 -> 10 | AH91: =$Y$1/R91 -> 10 | AK91: =$Y$1/R91 -> 10 | AN91: =$Y$1/R91 -> 10
B92: L | G92: 30022158 | N92: P002750 Drawer Body Extra Big(Left) Press | O92: =O91 -> 1 | P92: 72 | Q92: SCESBA01 | R92: =$AB$1/P92 -> 50 | Y92: =$Y$1/R92 -> 20 | AB92: =$Y$1/R92 -> 20 | AE92: =$Y$1/R92 -> 20 | AH92: =$Y$1/R92 -> 20 | AK92: =$Y$1/R92 -> 20 | AN92: =$Y$1/R92 -> 20
B93: L | H93: 10030779 | N93: P002750 Drawer Body Extra Big(Left) GP | O93: =O92 -> 1
F94: 30023081 | N94: P002751 Drawer Handle Extra Big(Left) Press | O94: =O90 -> 1 | P94: 12 | Q94: SCESBA01 | R94: =$AA$1/P94 -> 0 | X94: =$X$1/R94 -> #DIV/0! | AA94: =$X$1/R94 -> #DIV/0! | AD94: =$X$1/R94 -> #DIV/0! | AG94: =$X$1/R94 -> #DIV/0! | AJ94: =$X$1/R94 -> #DIV/0! | AM94: =$X$1/R94 -> #DIV/0!
G95: 30023080 | N95: P002751 Drawer Handle Extra Big(Left) Bend | O95: =O94 -> 1 | P95: 9 | Q95: SCEBEA02 | R95: =$AA$1/P95 -> 0 | X95: =$X$1/R95 -> #DIV/0! | AA95: =$X$1/R95 -> #DIV/0! | AD95: =$X$1/R95 -> #DIV/0! | AG95: =$X$1/R95 -> #DIV/0! | AJ95: =$X$1/R95 -> #DIV/0! | AM95: =$X$1/R95 -> #DIV/0!
H96: 10030780 | N96: P002751 Drawer Handle Extra Big(Left) GP | O96: =O95 -> 1
B97: L | F97: 30022162 | N97: P002752 Drawer Back Extra Big(Left) Bend | O97: =O89 -> 1 | P97: 9 | Q97: SCEBEA02 | R97: =$AB$1/P97 -> 400 | Y97: =$Y$1/R97 -> 2.5 | AB97: =$Y$1/R97 -> 2.5 | AE97: =$Y$1/R97 -> 2.5 | AH97: =$Y$1/R97 -> 2.5 | AK97: =$Y$1/R97 -> 2.5 | AN97: =$Y$1/R97 -> 2.5
B98: L | G98: 10030781 | N98: P002752 Drawer Back Extra Big(Left) GP | O98: =O90 -> 1
B99: L | E99: 10034196 | N99: CM01000007 High gloss red powder | O99: 0.25820884
B100: L | E100: 10033352 | N100: FINE CLEANER T5008 | O100: 20.44764
B101: L | E101: 10033353 | N101: PREPALENE XG | O101: 0.91284108
...

Sheet CPI27 (4)
A1: NO | B1: Status | M1: Remark | N1: PART NAME (Geelong ) | O1: Q'TY | Q1: Work Center | R1: CT | S1: Alt. BOM | T1: Group Center | U1: Seq. | V1: Operation | W1: Group | Y1: 1000 | AB1: 3600
B3: L | C3: 40012178 | N3: TC-2707TSR | O3: 1 | P3: 22.5 | Q3: SCEASA01 | R3: =$AB$1/P3 -> 160 | Y3: =$Y$1/R3 -> 6.25 | AB3: =$Y$1/R3 -> 6.25 | AE3: =$Y$1/R3 -> 6.25 | AH3: =$Y$1/R3 -> 6.25 | AK3: =$Y$1/R3 -> 6.25 | AN3: =$Y$1/R3 -> 6.25
B4: L | D4: 30022112 | N4: U000433 Box Paint | O4: =O3 -> 1 | P4: 22.5 | Q4: SCECOA01 | R4: =$AB$1/P4 -> 160 | Y4: =$Y$1/R4 -> 6.25 | AB4: =$Y$1/R4 -> 6.25 | AE4: =$Y$1/R4 -> 6.25 | AH4: =$Y$1/R4 -> 6.25 | AK4: =$Y$1/R4 -> 6.25 | AN4: =$Y$1/R4 -> 6.25
B5: L | E5: 30022113 | N5: U000433 Box Weld | O5: =O4 -> 1 | P5: =180+60 -> 240 | Q5: SCEGWA01 | R5: =$AB$1/P5 -> 15 | Y5: =$Y$1/R5 -> 66.666667 | AB5: =$Y$1/R5 -> 66.666667 | AE5: =$Y$1/R5 -> 66.666667 | AH5: =$Y$1/R5 -> 66.666667 | AK5: =$Y$1/R5 -> 66.666667 | AN5: =$Y$1/R5 -> 66.666667
B6: L | F6: 30022114 | N6: U000433 Box Spot | O6: =O5 -> 1 | P6: =350 -> 350 | Q6: SCESGA01 | R6: =$AB$1/P6 -> 10.285714 | Y6: =$Y$1/R6 -> 97.222222 | AB6: =$Y$1/R6 -> 97.222222 | AE6: =$Y$1/R6 -> 97.222222 | AH6: =$Y$1/R6 -> 97.222222 | AK6: =$Y$1/R6 -> 97.222222 | AN6: =$Y$1/R6 -> 97.222222
B7: L | G7: 30022115 | N7: P002732 Top Cover Spot | O7: =O6 -> 1 | P7: 10 | Q7: SCESGA01 | R7: =$AB$1/P7 -> 360 | Y7: =$Y$1/R7 -> 2.7777778 | AB7: =$Y$1/R7 -> 2.7777778 | AE7: =$Y$1/R7 -> 2.7777778 | AH7: =$Y$1/R7 -> 2.7777778 | AK7: =$Y$1/R7 -> 2.7777778 | AN7: =$Y$1/R7 -> 2.7777778
B8: L | H8: 30022116 | N8: P002732 Top Cover Bend | O8: =O7 -> 1 | P8: 18 | Q8: SCEBEA02 | R8: =$AB$1/P8 -> 200 | Y8: =$Y$1/R8 -> 5 | AB8: =$Y$1/R8 -> 5 | AE8: =$Y$1/R8 -> 5 | AH8: =$Y$1/R8 -> 5 | AK8: =$Y$1/R8 -> 5 | AN8: =$Y$1/R8 -> 5
B9: L | I9: 30022117 | N9: P002732 Top Cover IPC | O9: =O8 -> 1
B10: L | J10: 10030761 | N10: P002732 Top Cover GP | O10: =O9 -> 1
B11: L | H11: 10030762 | N11: P002571 Hook Holder GP | O11: =O7 -> 1
B12: L | G12: 30022119 | N12: P002733 Bottom Back Bend | O12: =O6 -> 1 | P12: 9 | Q12: SCEBEA02 | R12: =$AB$1/P12 -> 400 | Y12: =$Y$1/R12 -> 2.5 | AB12: =$Y$1/R12 -> 2.5 | AE12: =$Y$1/R12 -> 2.5 | AH12: =$Y$1/R12 -> 2.5 | AK12: =$Y$1/R12 -> 2.5 | AN12: =$Y$1/R12 -> 2.5
B13: L | H13: 30022120 | N13: P002733 Bottom Back IPC | O13: =O12 -> 1
B14: L | I14: 10030763 | N14: P002733 Bottom Back GP | O14: =O13 -> 1
B15: L | G15: 30022121 | N15: P002734 Bottom Cover Reinf Bend | O15: =O6*2 -> 2 | P15: 27 | Q15: SCEBEA02 | R15: =$AB$1/P15 -> 133.33333 | Y15: =$Y$1/R15 -> 7.5 | AB15: =$Y$1/R15 -> 7.5 | AE15: =$Y$1/R15 -> 7.5 | AH15: =$Y$1/R15 -> 7.5 | AK15: =$Y$1/R15 -> 7.5 | AN15: =$Y$1/R15 -> 7.5
B16: L | H16: 10030764 | N16: P002734 Bottom Cover Reinf GP | O16: =O15 -> 2
B17: L | G17: 30023058 | N17: P002951 Box Spot | O17: =O6 -> 1 | P17: =40+40+75+75+45+80 -> 355 | Q17: SCESGA01 | R17: =$AB$1/P17 -> 10.140845 | Y17: =$Y$1/R17 -> 98.611111 | AB17: =$Y$1/R17 -> 98.611111 | AE17: =$Y$1/R17 -> 98.611111 | AH17: =$Y$1/R17 -> 98.611111 | AK17: =$Y$1/R17 -> 98.611111 | AN17: =$Y$1/R17 -> 98.611111
B18: L | H18: 30023056 | N18: P002951 Box Bend | O18: =O17 -> 1 | P18: 54 | Q18: SCESBA01 | R18: =$AB$1/P18 -> 66.666667 | Y18: =$Y$1/R18 -> 15 | AB18: =$Y$1/R18 -> 15 | AE18: =$Y$1/R18 -> 15 | AH18: =$Y$1/R18 -> 15 | AK18: =$Y$1/R18 -> 15 | AN18: =$Y$1/R18 -> 15
B19: L | I19: 30023057 | N19: P002951 Box Press | O19: =O17 -> 1 | P19: 24 | Q19: SCESBA01 | R19: =$AB$1/P19 -> 150 | Y19: =$Y$1/R19 -> 6.6666667 | AB19: =$Y$1/R19 -> 6.6666667 | AE19: =$Y$1/R19 -> 6.6666667 | AH19: =$Y$1/R19 -> 6.6666667 | AK19: =$Y$1/R19 -> 6.6666667 | AN19: =$Y$1/R19 -> 6.6666667
B20: L | J20: 10034385 | N20: P002951 Box GP | O20: =O19 -> 1
B21: L | H21: 30023060 | N21: P002952 BBS Holder Front Left Spot | O21: =O17 -> 1 | P21: 50 | Q21: SCESGA01 | R21: =$AB$1/P21 -> 72 | Y21: =$Y$1/R21 -> 13.888889 | AB21: =$Y$1/R21 -> 13.888889 | AE21: =$Y$1/R21 -> 13.888889 | AH21: =$Y$1/R21 -> 13.888889 | AK21: =$Y$1/R21 -> 13.888889 | AN21: =$Y$1/R21 -> 13.888889
B22: L | I22: 30023059 | N22: P002952 BBS Holder Front Left Press | O22: =O19 -> 1 | P22: 12 | Q22: SCESBA01 | R22: =$AB$1/P22 -> 300 | Y22: =$Y$1/R22 -> 3.3333333 | AB22: =$Y$1/R22 -> 3.3333333 | AE22: =$Y$1/R22 -> 3.3333333 | AH22: =$Y$1/R22 -> 3.3333333 | AK22: =$Y$1/R22 -> 3.3333333 | AN22: =$Y$1/R22 -> 3.3333333
B23: L | J23: 10034386 | N23: P002952 BBS Holder Front Left GP | O23: =O20 -> 1
B24: L | I24: 30023055 | N24: P002801 BBS Holder Front Reinf Bend | O24: =O21 -> 1 | P24: 18 | Q24: SCEBEA02 | R24: =$AB$1/P24 -> 200 | Y24: =$Y$1/R24 -> 5 | AB24: =$Y$1/R24 -> 5 | AE24: =$Y$1/R24 -> 5 | AH24: =$Y$1/R24 -> 5 | AK24: =$Y$1/R24 -> 5 | AN24: =$Y$1/R24 -> 5
B25: L | J25: 30022130 | N25: P002801 BBS Holder Front Reinf Laser | O25: =O24 -> 1 | P25: 13 | Q25: SCECUA04 | R25: =$AB$1/P25 -> 276.92308 | Y25: =$Y$1/R25 -> 3.6111111 | AB25: =$Y$1/R25 -> 3.6111111 | AE25: =$Y$1/R25 -> 3.6111111 | AH25: =$Y$1/R25 -> 3.6111111 | AK25: =$Y$1/R25 -> 3.6111111 | AN25: =$Y$1/R25 -> 3.6111111
B26: L | K26: 10030768 | N26: P002801 BBS Holder Front Reinf GP | O26: =O25 -> 1
B27: L | H27: 30023062 | N27: P002953 BBS Holder Front Right Spot | O27: =O19 -> 1 | P27: 50 | Q27: SCESGA01 | R27: =$AB$1/P27 -> 72 | Y27: =$Y$1/R27 -> 13.888889 | AB27: =$Y$1/R27 -> 13.888889 | AE27: =$Y$1/R27 -> 13.888889 | AH27: =$Y$1/R27 -> 13.888889 | AK27: =$Y$1/R27 -> 13.888889 | AN27: =$Y$1/R27 -> 13.888889
B28: L | I28: 30023061 | N28: P002953 BBS Holder Front Right Press | O28: =O27 -> 1 | P28: 12 | Q28: SCESBA01 | R28: =$AB$1/P28 -> 300 | Y28: =$Y$1/R28 -> 3.3333333 | AB28: =$Y$1/R28 -> 3.3333333 | AE28: =$Y$1/R28 -> 3.3333333 | AH28: =$Y$1/R28 -> 3.3333333 | AK28: =$Y$1/R28 -> 3.3333333 | AN28: =$Y$1/R28 -> 3.3333333
B29: L | J29: 10034387 | N29: P002953 BBS Holder Front Right GP | O29: =O28 -> 1
B30: L | I30: 30023055 | N30: P002801 BBS Holder Front Reinf Bend | O30: =O27 -> 1 | P30: 18 | Q30: SCEBEA02 | R30: =$AB$1/P30 -> 200 | Y30: =$Y$1/R30 -> 5 | AB30: =$Y$1/R30 -> 5 | AE30: =$Y$1/R30 -> 5 | AH30: =$Y$1/R30 -> 5 | AK30: =$Y$1/R30 -> 5 | AN30: =$Y$1/R30 -> 5
B31: L | J31: 30022130 | N31: P002801 BBS Holder Front Reinf Laser | O31: =O30 -> 1 | P31: 13 | Q31: SCECUA04 | R31: =$AB$1/P31 -> 276.92308 | Y31: =$Y$1/R31 -> 3.6111111 | AB31: =$Y$1/R31 -> 3.6111111 | AE31: =$Y$1/R31 -> 3.6111111 | AH31: =$Y$1/R31 -> 3.6111111 | AK31: =$Y$1/R31 -> 3.6111111 | AN31: =$Y$1/R31 -> 3.6111111
B32: L | K32: 10030768 | N32: P002801 BBS Holder Front Reinf GP | O32: =O31 -> 1
B33: L | H33: 30023063 | N33: P002954 BBS Holder Rear Left Press | O33: =O17 -> 1 | P33: 12 | Q33: SCESBA01 | R33: =$AB$1/P33 -> 300 | Y33: =$Y$1/R33 -> 3.3333333 | AB33: =$Y$1/R33 -> 3.3333333 | AE33: =$Y$1/R33 -> 3.3333333 | AH33: =$Y$1/R33 -> 3.3333333 | AK33: =$Y$1/R33 -> 3.3333333 | AN33: =$Y$1/R33 -> 3.3333333
B34: L | I34: 10034388 | N34: P002954 BBS Holder Rear Left GP | O34: =O33 -> 1
B35: L | H35: 30023064 | N35: P002955 BBS Holder Rear Right Press | O35: =O19 -> 1 | P35: 12 | Q35: SCESBA01 | R35: =$AB$1/P35 -> 300 | Y35: =$Y$1/R35 -> 3.3333333 | AB35: =$Y$1/R35 -> 3.3333333 | AE35: =$Y$1/R35 -> 3.3333333 | AH35: =$Y$1/R35 -> 3.3333333 | AK35: =$Y$1/R35 -> 3.3333333 | AN35: =$Y$1/R35 -> 3.3333333
B36: L | I36: 10034389 | N36: P002955 BBS Holder Rear Right GP | O36: =O35 -> 1
B37: L | H37: 30023050 | N37: P002622 Locking Slide Bend | O37: =O17 -> 1 | P37: 36 | Q37: SCEBEA02 | R37: =$AB$1/P37 -> 100 | Y37: =$Y$1/R37 -> 10 | AB37: =$Y$1/R37 -> 10 | AE37: =$Y$1/R37 -> 10 | AH37: =$Y$1/R37 -> 10 | AK37: =$Y$1/R37 -> 10 | AN37: =$Y$1/R37 -> 10
B38: L | I38: 30023145 | N38: P002622 Locking Slide Laser | O38: =O37 -> 1 | P38: 8 | Q38: SCECUA04 | R38: 450 | Y38: 125 | AB38: 125 | AE38: 125 | AH38: 125 | AK38: 125 | AN38: 125
B39: L | J39: 10034294 | N39: P002622 Locking Slide GP | O39: =O37 -> 1
B40: L | H40: 30023053 | N40: P002626 Cover Support Spot | O40: =O17*2 -> 2 | P40: 32 | Q40: SCESGA01 | R40: =$AB$1/P40 -> 112.5 | Y40: =$Y$1/R40 -> 8.8888889 | AB40: =$Y$1/R40 -> 8.8888889 | AE40: =$Y$1/R40 -> 8.8888889 | AH40: =$Y$1/R40 -> 8.8888889 | AK40: =$Y$1/R40 -> 8.8888889 | AN40: =$Y$1/R40 -> 8.8888889
B41: L | I41: 30023051 | N41: P002626 Cover Support Bend | O41: =O40 -> 2 | P41: 18 | Q41: SCEBEA02 | R41: =$AB$1/P41 -> 200 | Y41: =$Y$1/R41 -> 5 | AB41: =$Y$1/R41 -> 5 | AE41: =$Y$1/R41 -> 5 | AH41: =$Y$1/R41 -> 5 | AK41: =$Y$1/R41 -> 5 | AN41: =$Y$1/R41 -> 5
B42: L | J42: 30023052 | N42: P002626 Cover Support Press | O42: =O40 -> 2 | P42: 24 | Q42: SCESBA01 | R42: =$AB$1/P42 -> 150 | Y42: =$Y$1/R42 -> 6.6666667 | AB42: =$Y$1/R42 -> 6.6666667 | AE42: =$Y$1/R42 -> 6.6666667 | AH42: =$Y$1/R42 -> 6.6666667 | AK42: =$Y$1/R42 -> 6.6666667 | AN42: =$Y$1/R42 -> 6.6666667
B43: L | K43: 10034298 | N43: P002626 Cover Support GP | O43: =O42 -> 2
B44: L | F44: 30023054 | N44: P002742 Rear Lock Row Press | O44: =-O5 -> -1 | P44: 12 | Q44: SCESBA01 | R44: =$AB$1/P44 -> 300 | Y44: =$Y$1/R44 -> 3.3333333 | AB44: =$Y$1/R44 -> 3.3333333 | AE44: =$Y$1/R44 -> 3.3333333 | AH44: =$Y$1/R44 -> 3.3333333 | AK44: =$Y$1/R44 -> 3.3333333 | AN44: =$Y$1/R44 -> 3.3333333
B45: L | G45: 10030772 | N45: P002742 Rear Lock Row | O45: =O5 -> 1
B46: L | F46: 10011564 | N46: MA99002500 welding thread CO2 0.8(15kg) | O46: 0.02
B47: L | F47: 10025819 | N47: แก๊ส Co2 | O47: 0.001
B48: L | E48: 10034196 | N48: CM01000007 High gloss red powder | O48: 1.52535
B49: L | E49: 10033352 | N49: FINE CLEANER T5008 | O49: 120.79295
B50: L | E50: 10033353 | N50: PREPALENE XG | O50: 5.3925424
B51: L | E51: 10033354 | N51: ADDITIVE 4977B | O51: 1.0785085
B52: L | E52: 10033355 | N52: PALBOND LT5103RF-1 | O52: 78.731119
B53: L | E53: 10033356 | N53: NEUTRALIZER 4055 | O53: 10.785085
B54: L | E54: 10033357 | N54: ACCELERATOR 131 | O54: 4.3140339
B55: L | D55: 30022139 | N55: U000434 Drawer Big(Left) Paint | O55: =O3*4 -> 4 | P55: 22.5 | Q55: SCECOA01 | R55: =$AB$1/P55 -> 160 | Y55: =$Y$1/R55 -> 6.25 | AB55: =$Y$1/R55 -> 6.25 | AE55: =$Y$1/R55 -> 6.25 | AH55: =$Y$1/R55 -> 6.25 | AK55: =$Y$1/R55 -> 6.25 | AN55: =$Y$1/R55 -> 6.25
B56: L | E56: 30022140 | N56: U000434 Drawer Big(Left) Spot | O56: =O55 -> 4 | P56: 110 | Q56: SCESGA01 | R56: =$AB$1/P56 -> 32.727273 | Y56: =$Y$1/R56 -> 30.555556 | AB56: =$Y$1/R56 -> 30.555556 | AE56: =$Y$1/R56 -> 30.555556 | AH56: =$Y$1/R56 -> 30.555556 | AK56: =$Y$1/R56 -> 30.555556 | AN56: =$Y$1/R56 -> 30.555556
B57: L | F57: 30022141 | N57: P002744 Drawer Body Big(Left) Bend | O57: =O56 -> 4 | P57: 36 | Q57: SCEBEA02 | R57: =$AB$1/P57 -> 100 | Y57: =$Y$1/R57 -> 10 | AB57: =$Y$1/R57 -> 10 | AE57: =$Y$1/R57 -> 10 | AH57: =$Y$1/R57 -> 10 | AK57: =$Y$1/R57 -> 10 | AN57: =$Y$1/R57 -> 10
B58: L | G58: 30022142 | N58: P002744 Drawer Body Big(Left) Press | O58: =O57 -> 4 | P58: 72 | Q58: SCESBA01 | R58: =$AB$1/P58 -> 50 | Y58: =$Y$1/R58 -> 20 | AB58: =$Y$1/R58 -> 20 | AE58: =$Y$1/R58 -> 20 | AH58: =$Y$1/R58 -> 20 | AK58: =$Y$1/R58 -> 20 | AN58: =$Y$1/R58 -> 20
B59: L | H59: 10030773 | N59: P002744 Drawer Body Big(Left) GP | O59: =O58 -> 4
B60: L | F60: 30023039 | N60: P002745 Drawer Handle Big(Left) Bend | O60: =O55 -> 4 | P60: 9 | Q60: SCEBEA02 | R60: =$AB$1/P60 -> 400 | Y60: =$Y$1/R60 -> 2.5 | AB60: =$Y$1/R60 -> 2.5 | AE60: =$Y$1/R60 -> 2.5 | AH60: =$Y$1/R60 -> 2.5 | AK60: =$Y$1/R60 -> 2.5 | AN60: =$Y$1/R60 -> 2.5
B61: L | G61: 30023040 | N61: P002745 Drawer Handle Big(Left) Press | O61: =O60 -> 4 | P61: 12 | Q61: SCESBA01 | R61: =$AB$1/P61 -> 300 | Y61: =$Y$1/R61 -> 3.3333333 | AB61: =$Y$1/R61 -> 3.3333333 | AE61: =$Y$1/R61 -> 3.3333333 | AH61: =$Y$1/R61 -> 3.3333333 | AK61: =$Y$1/R61 -> 3.3333333 | AN61: =$Y$1/R61 -> 3.3333333
B62: L | H62: 10030774 | N62: P002745 Drawer Handle Big(Left) GP | O62: =O61 -> 4
B63: L | F63: 30022146 | N63: P002746 Drawer Back Big(Left) Bend | O63: =O55 -> 4 | P63: 9 | Q63: SCEBEA02 | R63: =$AB$1/P63 -> 400 | Y63: =$Y$1/R63 -> 2.5 | AB63: =$Y$1/R63 -> 2.5 | AE63: =$Y$1/R63 -> 2.5 | AH63: =$Y$1/R63 -> 2.5 | AK63: =$Y$1/R63 -> 2.5 | AN63: =$Y$1/R63 -> 2.5
B64: L | G64: 10030775 | N64: P002746 Drawer Back Big(Left) GP | O64: =O55 -> 4
B65: L | E65: 10034196 | N65: CM01000007 High gloss red powder | O65: 0.18869516
B66: L | E66: 10033352 | N66: FINE CLEANER T5008 | O66: 14.942829
B67: L | E67: 10033353 | N67: PREPALENE XG | O67: 0.66709059
B68: L | E68: 10033354 | N68: ADDITIVE 4977B | O68: 0.13341812
B69: L | E69: 10033355 | N69: PALBOND LT5103RF-1 | O69: 9.7395226
B70: L | E70: 10033356 | N70: NEUTRALIZER 4055 | O70: 1.3341812
B71: L | E71: 10033357 | N71: ACCELERATOR 131 | O71: 0.53367247
B72: L | D72: 30022147 | N72: U000435 Drawer Middle Paint | O72: =O3*2 -> 2 | P72: 22.5 | Q72: SCECOA01 | R72: =$AB$1/P72 -> 160 | Y72: =$Y$1/R72 -> 6.25 | AB72: =$Y$1/R72 -> 6.25 | AE72: =$Y$1/R72 -> 6.25 | AH72: =$Y$1/R72 -> 6.25 | AK72: =$Y$1/R72 -> 6.25 | AN72: =$Y$1/R72 -> 6.25
B73: L | E73: 30022148 | N73: U000435 Drawer Middle Spot | O73: =O72 -> 2 | P73: 150 | Q73: SCESGA01 | R73: =$AB$1/P73 -> 24 | Y73: =$Y$1/R73 -> 41.666667 | AB73: =$Y$1/R73 -> 41.666667 | AE73: =$Y$1/R73 -> 41.666667 | AH73: =$Y$1/R73 -> 41.666667 | AK73: =$Y$1/R73 -> 41.666667 | AN73: =$Y$1/R73 -> 41.666667
B74: L | F74: 30022149 | N74: P002747 Drawer Body Middle Bend | O74: =O73 -> 2 | P74: 36 | Q74: SCEBEA02 | R74: =$AB$1/P74 -> 100 | Y74: =$Y$1/R74 -> 10 | AB74: =$Y$1/R74 -> 10 | AE74: =$Y$1/R74 -> 10 | AH74: =$Y$1/R74 -> 10 | AK74: =$Y$1/R74 -> 10 | AN74: =$Y$1/R74 -> 10
B75: L | G75: 30022150 | N75: P002747 Drawer Body Middle Press | O75: =O74 -> 2 | P75: 72 | Q75: SCESBA01 | R75: =$AB$1/P75 -> 50 | Y75: =$Y$1/R75 -> 20 | AB75: =$Y$1/R75 -> 20 | AE75: =$Y$1/R75 -> 20 | AH75: =$Y$1/R75 -> 20 | AK75: =$Y$1/R75 -> 20 | AN75: =$Y$1/R75 -> 20
B76: L | H76: 10030776 | N76: P002747 Drawer Body Middle GP | O76: =O75 -> 2
B77: L | F77: 30022151 | N77: P002748 Drawer Handle Middle Bend | O77: =O73 -> 2 | P77: 9 | Q77: SCEBEA02 | R77: =$AB$1/P77 -> 400 | Y77: =$Y$1/R77 -> 2.5 | AB77: =$Y$1/R77 -> 2.5 | AE77: =$Y$1/R77 -> 2.5 | AH77: =$Y$1/R77 -> 2.5 | AK77: =$Y$1/R77 -> 2.5 | AN77: =$Y$1/R77 -> 2.5
B78: L | G78: 30022152 | N78: P002748 Drawer Handle Middle Press | O78: =O73 -> 2 | P78: 12 | Q78: SCESBA01 | R78: =$AB$1/P78 -> 300 | Y78: =$Y$1/R78 -> 3.3333333 | AB78: =$Y$1/R78 -> 3.3333333 | AE78: =$Y$1/R78 -> 3.3333333 | AH78: =$Y$1/R78 -> 3.3333333 | AK78: =$Y$1/R78 -> 3.3333333 | AN78: =$Y$1/R78 -> 3.3333333
B79: L | H79: 10030777 | N79: P002748 Drawer Handle Middle GP | O79: =O73 -> 2
B80: L | F80: 30022154 | N80: P002749 Drawer Back Middle Bend | O80: =O73 -> 2 | P80: 9 | Q80: SCEBEA02 | R80: =$AB$1/P80 -> 400 | Y80: =$Y$1/R80 -> 2.5 | AB80: =$Y$1/R80 -> 2.5 | AE80: =$Y$1/R80 -> 2.5 | AH80: =$Y$1/R80 -> 2.5 | AK80: =$Y$1/R80 -> 2.5 | AN80: =$Y$1/R80 -> 2.5
B81: L | G81: 10030778 | N81: P002749 Drawer Back Middle GP | O81: =O73 -> 2
B82: L | E82: 10034196 | N82: CM01000007 High gloss red powder | O82: 0.24583027
B83: L | E83: 10033352 | N83: FINE CLEANER T5008 | O83: 19.467377
B84: L | E84: 10033353 | N84: PREPALENE XG | O84: 0.86907932
B85: L | E85: 10033354 | N85: ADDITIVE 4977B | O85: 0.17381586
B86: L | E86: 10033355 | N86: PALBOND LT5103RF-1 | O86: 12.688558
B87: L | E87: 10033356 | N87: NEUTRALIZER 4055 | O87: 1.7381586
B88: L | E88: 10033357 | N88: ACCELERATOR 131 | O88: 0.69526345
B89: L | D89: 30022155 | N89: U000436 Drawer Extra Big(Left) Paint | O89: =O3 -> 1 | P89: 22.5 | Q89: SCECOA01 | R89: =$AB$1/P89 -> 160 | Y89: =$Y$1/R89 -> 6.25 | AB89: =$Y$1/R89 -> 6.25 | AE89: =$Y$1/R89 -> 6.25 | AH89: =$Y$1/R89 -> 6.25 | AK89: =$Y$1/R89 -> 6.25 | AN89: =$Y$1/R89 -> 6.25
B90: L | E90: 30022156 | N90: U000436 Drawer Extra Big(Left) Spot | O90: =O89 -> 1 | P90: 150 | Q90: SCESGA01 | R90: =$AB$1/P90 -> 24 | Y90: =$Y$1/R90 -> 41.666667 | AB90: =$Y$1/R90 -> 41.666667 | AE90: =$Y$1/R90 -> 41.666667 | AH90: =$Y$1/R90 -> 41.666667 | AK90: =$Y$1/R90 -> 41.666667 | AN90: =$Y$1/R90 -> 41.666667
B91: L | F91: 30022157 | N91: P002750 Drawer Body Extra Big(Left) Bend | O91: =O90 -> 1 | P91: 36 | Q91: SCEBEA02 | R91: =$AB$1/P91 -> 100 | Y91: =$Y$1/R91 -> 10 | AB91: =$Y$1/R91 -> 10 | AE91: =$Y$1/R91 -> 10 | AH91: =$Y$1/R91 -> 10 | AK91: =$Y$1/R91 -> 10 | AN91: =$Y$1/R91 -> 10
B92: L | G92: 30022158 | N92: P002750 Drawer Body Extra Big(Left) Press | O92: =O91 -> 1 | P92: 72 | Q92: SCESBA01 | R92: =$AB$1/P92 -> 50 | Y92: =$Y$1/R92 -> 20 | AB92: =$Y$1/R92 -> 20 | AE92: =$Y$1/R92 -> 20 | AH92: =$Y$1/R92 -> 20 | AK92: =$Y$1/R92 -> 20 | AN92: =$Y$1/R92 -> 20
B93: L | H93: 10030779 | N93: P002750 Drawer Body Extra Big(Left) GP | O93: =O92 -> 1
F94: 30023081 | N94: P002751 Drawer Handle Extra Big(Left) Press | O94: =O90 -> 1 | P94: 12 | Q94: SCESBA01 | R94: =$AA$1/P94 -> 0 | X94: =$X$1/R94 -> #DIV/0! | AA94: =$X$1/R94 -> #DIV/0! | AD94: =$X$1/R94 -> #DIV/0! | AG94: =$X$1/R94 -> #DIV/0! | AJ94: =$X$1/R94 -> #DIV/0! | AM94: =$X$1/R94 -> #DIV/0!
G95: 30023080 | N95: P002751 Drawer Handle Extra Big(Left) Bend | O95: =O94 -> 1 | P95: 9 | Q95: SCEBEA02 | R95: =$AA$1/P95 -> 0 | X95: =$X$1/R95 -> #DIV/0! | AA95: =$X$1/R95 -> #DIV/0! | AD95: =$X$1/R95 -> #DIV/0! | AG95: =$X$1/R95 -> #DIV/0! | AJ95: =$X$1/R95 -> #DIV/0! | AM95: =$X$1/R95 -> #DIV/0!
H96: 10030780 | N96: P002751 Drawer Handle Extra Big(Left) GP | O96: =O95 -> 1
B97: L | F97: 30022162 | N97: P002752 Drawer Back Extra Big(Left) Bend | O97: =O89 -> 1 | P97: 9 | Q97: SCEBEA02 | R97: =$AB$1/P97 -> 400 | Y97: =$Y$1/R97 -> 2.5 | AB97: =$Y$1/R97 -> 2.5 | AE97: =$Y$1/R97 -> 2.5 | AH97: =$Y$1/R97 -> 2.5 | AK97: =$Y$1/R97 -> 2.5 | AN97: =$Y$1/R97 -> 2.5
B98: L | G98: 10030781 | N98: P002752 Drawer Back Extra Big(Left) GP | O98: =O90 -> 1
B99: L | E99: 10034196 | N99: CM01000007 High gloss red powder | O99: 0.25820884
B100: L | E100: 10033352 | N100: FINE CLEANER T5008 | O100: 20.44764
B101: L | E101: 10033353 | N101: PREPALENE XG | O101: 0.91284108
...

Sheet CPI27 (5)
A1: NO | B1: Status | M1: Remark | N1: PART NAME (Geelong ) | O1: Q'TY | Q1: Work Center | R1: CT | S1: Alt. BOM | T1: Group Center | U1: Seq. | V1: Operation | W1: Group | Y1: 1000 | AB1: 3600
B3: L | C3: 40012178 | N3: TC-2707TSR | O3: 1 | P3: 22.5 | Q3: SCEASA01 | R3: =$AB$1/P3 -> 160 | Y3: =$Y$1/R3 -> 6.25 | AB3: =$Y$1/R3 -> 6.25 | AE3: =$Y$1/R3 -> 6.25 | AH3: =$Y$1/R3 -> 6.25 | AK3: =$Y$1/R3 -> 6.25 | AN3: =$Y$1/R3 -> 6.25
B4: L | D4: 30022112 | N4: U000433 Box Paint | O4: =O3 -> 1 | P4: 22.5 | Q4: SCECOA01 | R4: =$AB$1/P4 -> 160 | Y4: =$Y$1/R4 -> 6.25 | AB4: =$Y$1/R4 -> 6.25 | AE4: =$Y$1/R4 -> 6.25 | AH4: =$Y$1/R4 -> 6.25 | AK4: =$Y$1/R4 -> 6.25 | AN4: =$Y$1/R4 -> 6.25
B5: L | E5: 30022113 | N5: U000433 Box Weld | O5: =O4 -> 1 | P5: =180+60 -> 240 | Q5: SCEGWA01 | R5: =$AB$1/P5 -> 15 | Y5: =$Y$1/R5 -> 66.666667 | AB5: =$Y$1/R5 -> 66.666667 | AE5: =$Y$1/R5 -> 66.666667 | AH5: =$Y$1/R5 -> 66.666667 | AK5: =$Y$1/R5 -> 66.666667 | AN5: =$Y$1/R5 -> 66.666667
B6: L | F6: 30022114 | N6: U000433 Box Spot | O6: =O5 -> 1 | P6: =350 -> 350 | Q6: SCESGA01 | R6: =$AB$1/P6 -> 10.285714 | Y6: =$Y$1/R6 -> 97.222222 | AB6: =$Y$1/R6 -> 97.222222 | AE6: =$Y$1/R6 -> 97.222222 | AH6: =$Y$1/R6 -> 97.222222 | AK6: =$Y$1/R6 -> 97.222222 | AN6: =$Y$1/R6 -> 97.222222
B7: L | G7: 30022115 | N7: P002732 Top Cover Spot | O7: =O6 -> 1 | P7: 10 | Q7: SCESGA01 | R7: =$AB$1/P7 -> 360 | Y7: =$Y$1/R7 -> 2.7777778 | AB7: =$Y$1/R7 -> 2.7777778 | AE7: =$Y$1/R7 -> 2.7777778 | AH7: =$Y$1/R7 -> 2.7777778 | AK7: =$Y$1/R7 -> 2.7777778 | AN7: =$Y$1/R7 -> 2.7777778
B8: L | H8: 30022116 | N8: P002732 Top Cover Bend | O8: =O7 -> 1 | P8: 18 | Q8: SCEBEA02 | R8: =$AB$1/P8 -> 200 | Y8: =$Y$1/R8 -> 5 | AB8: =$Y$1/R8 -> 5 | AE8: =$Y$1/R8 -> 5 | AH8: =$Y$1/R8 -> 5 | AK8: =$Y$1/R8 -> 5 | AN8: =$Y$1/R8 -> 5
B9: L | I9: 30022117 | N9: P002732 Top Cover IPC | O9: =O8 -> 1
B10: L | J10: 10030761 | N10: P002732 Top Cover GP | O10: =O9 -> 1
B11: L | H11: 10030762 | N11: P002571 Hook Holder GP | O11: =O7 -> 1
B12: L | G12: 30022119 | N12: P002733 Bottom Back Bend | O12: =O6 -> 1 | P12: 9 | Q12: SCEBEA02 | R12: =$AB$1/P12 -> 400 | Y12: =$Y$1/R12 -> 2.5 | AB12: =$Y$1/R12 -> 2.5 | AE12: =$Y$1/R12 -> 2.5 | AH12: =$Y$1/R12 -> 2.5 | AK12: =$Y$1/R12 -> 2.5 | AN12: =$Y$1/R12 -> 2.5
B13: L | H13: 30022120 | N13: P002733 Bottom Back IPC | O13: =O12 -> 1
B14: L | I14: 10030763 | N14: P002733 Bottom Back GP | O14: =O13 -> 1
B15: L | G15: 30022121 | N15: P002734 Bottom Cover Reinf Bend | O15: =O6*2 -> 2 | P15: 27 | Q15: SCEBEA02 | R15: =$AB$1/P15 -> 133.33333 | Y15: =$Y$1/R15 -> 7.5 | AB15: =$Y$1/R15 -> 7.5 | AE15: =$Y$1/R15 -> 7.5 | AH15: =$Y$1/R15 -> 7.5 | AK15: =$Y$1/R15 -> 7.5 | AN15: =$Y$1/R15 -> 7.5
B16: L | H16: 10030764 | N16: P002734 Bottom Cover Reinf GP | O16: =O15 -> 2
B17: L | G17: 30023058 | N17: P002951 Box Spot | O17: =O6 -> 1 | P17: =40+40+75+75+45+80 -> 355 | Q17: SCESGA01 | R17: =$AB$1/P17 -> 10.140845 | Y17: =$Y$1/R17 -> 98.611111 | AB17: =$Y$1/R17 -> 98.611111 | AE17: =$Y$1/R17 -> 98.611111 | AH17: =$Y$1/R17 -> 98.611111 | AK17: =$Y$1/R17 -> 98.611111 | AN17: =$Y$1/R17 -> 98.611111
B18: L | H18: 30023056 | N18: P002951 Box Bend | O18: =O17 -> 1 | P18: 54 | Q18: SCESBA01 | R18: =$AB$1/P18 -> 66.666667 | Y18: =$Y$1/R18 -> 15 | AB18: =$Y$1/R18 -> 15 | AE18: =$Y$1/R18 -> 15 | AH18: =$Y$1/R18 -> 15 | AK18: =$Y$1/R18 -> 15 | AN18: =$Y$1/R18 -> 15
B19: L | I19: 30023057 | N19: P002951 Box Press | O19: =O17 -> 1 | P19: 24 | Q19: SCESBA01 | R19: =$AB$1/P19 -> 150 | Y19: =$Y$1/R19 -> 6.6666667 | AB19: =$Y$1/R19 -> 6.6666667 | AE19: =$Y$1/R19 -> 6.6666667 | AH19: =$Y$1/R19 -> 6.6666667 | AK19: =$Y$1/R19 -> 6.6666667 | AN19: =$Y$1/R19 -> 6.6666667
B20: L | J20: 10034385 | N20: P002951 Box GP | O20: =O19 -> 1
B21: L | H21: 30023060 | N21: P002952 BBS Holder Front Left Spot | O21: =O17 -> 1 | P21: 50 | Q21: SCESGA01 | R21: =$AB$1/P21 -> 72 | Y21: =$Y$1/R21 -> 13.888889 | AB21: =$Y$1/R21 -> 13.888889 | AE21: =$Y$1/R21 -> 13.888889 | AH21: =$Y$1/R21 -> 13.888889 | AK21: =$Y$1/R21 -> 13.888889 | AN21: =$Y$1/R21 -> 13.888889
B22: L | I22: 30023059 | N22: P002952 BBS Holder Front Left Press | O22: =O19 -> 1 | P22: 12 | Q22: SCESBA01 | R22: =$AB$1/P22 -> 300 | Y22: =$Y$1/R22 -> 3.3333333 | AB22: =$Y$1/R22 -> 3.3333333 | AE22: =$Y$1/R22 -> 3.3333333 | AH22: =$Y$1/R22 -> 3.3333333 | AK22: =$Y$1/R22 -> 3.3333333 | AN22: =$Y$1/R22 -> 3.3333333
B23: L | J23: 10034386 | N23: P002952 BBS Holder Front Left GP | O23: =O20 -> 1
B24: L | I24: 30023055 | N24: P002801 BBS Holder Front Reinf Bend | O24: =O21 -> 1 | P24: 18 | Q24: SCEBEA02 | R24: =$AB$1/P24 -> 200 | Y24: =$Y$1/R24 -> 5 | AB24: =$Y$1/R24 -> 5 | AE24: =$Y$1/R24 -> 5 | AH24: =$Y$1/R24 -> 5 | AK24: =$Y$1/R24 -> 5 | AN24: =$Y$1/R24 -> 5
B25: L | J25: 30022130 | N25: P002801 BBS Holder Front Reinf Laser | O25: =O24 -> 1 | P25: 13 | Q25: SCECUA04 | R25: =$AB$1/P25 -> 276.92308 | Y25: =$Y$1/R25 -> 3.6111111 | AB25: =$Y$1/R25 -> 3.6111111 | AE25: =$Y$1/R25 -> 3.6111111 | AH25: =$Y$1/R25 -> 3.6111111 | AK25: =$Y$1/R25 -> 3.6111111 | AN25: =$Y$1/R25 -> 3.6111111
B26: L | K26: 10030768 | N26: P002801 BBS Holder Front Reinf GP | O26: =O25 -> 1
B27: L | H27: 30023062 | N27: P002953 BBS Holder Front Right Spot | O27: =O19 -> 1 | P27: 50 | Q27: SCESGA01 | R27: =$AB$1/P27 -> 72 | Y27: =$Y$1/R27 -> 13.888889 | AB27: =$Y$1/R27 -> 13.888889 | AE27: =$Y$1/R27 -> 13.888889 | AH27: =$Y$1/R27 -> 13.888889 | AK27: =$Y$1/R27 -> 13.888889 | AN27: =$Y$1/R27 -> 13.888889
B28: L | I28: 30023061 | N28: P002953 BBS Holder Front Right Press | O28: =O27 -> 1 | P28: 12 | Q28: SCESBA01 | R28: =$AB$1/P28 -> 300 | Y28: =$Y$1/R28 -> 3.3333333 | AB28: =$Y$1/R28 -> 3.3333333 | AE28: =$Y$1/R28 -> 3.3333333 | AH28: =$Y$1/R28 -> 3.3333333 | AK28: =$Y$1/R28 -> 3.3333333 | AN28: =$Y$1/R28 -> 3.3333333
B29: L | J29: 10034387 | N29: P002953 BBS Holder Front Right GP | O29: =O28 -> 1
B30: L | I30: 30023055 | N30: P002801 BBS Holder Front Reinf Bend | O30: =O27 -> 1 | P30: 18 | Q30: SCEBEA02 | R30: =$AB$1/P30 -> 200 | Y30: =$Y$1/R30 -> 5 | AB30: =$Y$1/R30 -> 5 | AE30: =$Y$1/R30 -> 5 | AH30: =$Y$1/R30 -> 5 | AK30: =$Y$1/R30 -> 5 | AN30: =$Y$1/R30 -> 5
B31: L | J31: 30022130 | N31: P002801 BBS Holder Front Reinf Laser | O31: =O30 -> 1 | P31: 13 | Q31: SCECUA04 | R31: =$AB$1/P31 -> 276.92308 | Y31: =$Y$1/R31 -> 3.6111111 | AB31: =$Y$1/R31 -> 3.6111111 | AE31: =$Y$1/R31 -> 3.6111111 | AH31: =$Y$1/R31 -> 3.6111111 | AK31: =$Y$1/R31 -> 3.6111111 | AN31: =$Y$1/R31 -> 3.6111111
B32: L | K32: 10030768 | N32: P002801 BBS Holder Front Reinf GP | O32: =O31 -> 1
B33: L | H33: 30023063 | N33: P002954 BBS Holder Rear Left Press | O33: =O17 -> 1 | P33: 12 | Q33: SCESBA01 | R33: =$AB$1/P33 -> 300 | Y33: =$Y$1/R33 -> 3.3333333 | AB33: =$Y$1/R33 -> 3.3333333 | AE33: =$Y$1/R33 -> 3.3333333 | AH33: =$Y$1/R33 -> 3.3333333 | AK33: =$Y$1/R33 -> 3.3333333 | AN33: =$Y$1/R33 -> 3.3333333
B34: L | I34: 10034388 | N34: P002954 BBS Holder Rear Left GP | O34: =O33 -> 1
B35: L | H35: 30023064 | N35: P002955 BBS Holder Rear Right Press | O35: =O19 -> 1 | P35: 12 | Q35: SCESBA01 | R35: =$AB$1/P35 -> 300 | Y35: =$Y$1/R35 -> 3.3333333 | AB35: =$Y$1/R35 -> 3.3333333 | AE35: =$Y$1/R35 -> 3.3333333 | AH35: =$Y$1/R35 -> 3.3333333 | AK35: =$Y$1/R35 -> 3.3333333 | AN35: =$Y$1/R35 -> 3.3333333
B36: L | I36: 10034389 | N36: P002955 BBS Holder Rear Right GP | O36: =O35 -> 1
B37: L | H37: 30023050 | N37: P002622 Locking Slide Bend | O37: =O17 -> 1 | P37: 36 | Q37: SCEBEA02 | R37: =$AB$1/P37 -> 100 | Y37: =$Y$1/R37 -> 10 | AB37: =$Y$1/R37 -> 10 | AE37: =$Y$1/R37 -> 10 | AH37: =$Y$1/R37 -> 10 | AK37: =$Y$1/R37 -> 10 | AN37: =$Y$1/R37 -> 10
B38: L | I38: 30023145 | N38: P002622 Locking Slide Laser | O38: =O37 -> 1 | P38: 8 | Q38: SCECUA04 | R38: 450 | Y38: 125 | AB38: 125 | AE38: 125 | AH38: 125 | AK38: 125 | AN38: 125
B39: L | J39: 10034294 | N39: P002622 Locking Slide GP | O39: =O37 -> 1
B40: L | H40: 30023053 | N40: P002626 Cover Support Spot | O40: =O17*2 -> 2 | P40: 32 | Q40: SCESGA01 | R40: =$AB$1/P40 -> 112.5 | Y40: =$Y$1/R40 -> 8.8888889 | AB40: =$Y$1/R40 -> 8.8888889 | AE40: =$Y$1/R40 -> 8.8888889 | AH40: =$Y$1/R40 -> 8.8888889 | AK40: =$Y$1/R40 -> 8.8888889 | AN40: =$Y$1/R40 -> 8.8888889
B41: L | I41: 30023051 | N41: P002626 Cover Support Bend | O41: =O40 -> 2 | P41: 18 | Q41: SCEBEA02 | R41: =$AB$1/P41 -> 200 | Y41: =$Y$1/R41 -> 5 | AB41: =$Y$1/R41 -> 5 | AE41: =$Y$1/R41 -> 5 | AH41: =$Y$1/R41 -> 5 | AK41: =$Y$1/R41 -> 5 | AN41: =$Y$1/R41 -> 5
B42: L | J42: 30023052 | N42: P002626 Cover Support Press | O42: =O40 -> 2 | P42: 24 | Q42: SCESBA01 | R42: =$AB$1/P42 -> 150 | Y42: =$Y$1/R42 -> 6.6666667 | AB42: =$Y$1/R42 -> 6.6666667 | AE42: =$Y$1/R42 -> 6.6666667 | AH42: =$Y$1/R42 -> 6.6666667 | AK42: =$Y$1/R42 -> 6.6666667 | AN42: =$Y$1/R42 -> 6.6666667
B43: L | K43: 10034298 | N43: P002626 Cover Support GP | O43: =O42 -> 2
B44: L | F44: 30023054 | N44: P002742 Rear Lock Row Press | O44: =-O5 -> -1 | P44: 12 | Q44: SCESBA01 | R44: =$AB$1/P44 -> 300 | Y44: =$Y$1/R44 -> 3.3333333 | AB44: =$Y$1/R44 -> 3.3333333 | AE44: =$Y$1/R44 -> 3.3333333 | AH44: =$Y$1/R44 -> 3.3333333 | AK44: =$Y$1/R44 -> 3.3333333 | AN44: =$Y$1/R44 -> 3.3333333
B45: L | G45: 10030772 | N45: P002742 Rear Lock Row | O45: =O5 -> 1
B46: L | F46: 10011564 | N46: MA99002500 welding thread CO2 0.8(15kg) | O46: 0.02
B47: L | F47: 10025819 | N47: แก๊ส Co2 | O47: 0.001
B48: L | E48: 10034196 | N48: CM01000007 High gloss red powder | O48: 1.0320025
B49: L | E49: 10033352 | N49: FINE CLEANER T5008 | O49: 120.79295
B50: L | E50: 10033353 | N50: PREPALENE XG | O50: 5.3925424
B51: L | E51: 10033354 | N51: ADDITIVE 4977B | O51: 1.0785085
B52: L | E52: 10033355 | N52: PALBOND LT5103RF-1 | O52: 78.731119
B53: L | E53: 10033356 | N53: NEUTRALIZER 4055 | O53: 10.785085
B54: L | E54: 10033357 | N54: ACCELERATOR 131 | O54: 4.3140339
B55: L | D55: 30022139 | N55: U000434 Drawer Big(Left) Paint | O55: =O3*4 -> 4 | P55: 22.5 | Q55: SCECOA01 | R55: =$AB$1/P55 -> 160 | Y55: =$Y$1/R55 -> 6.25 | AB55: =$Y$1/R55 -> 6.25 | AE55: =$Y$1/R55 -> 6.25 | AH55: =$Y$1/R55 -> 6.25 | AK55: =$Y$1/R55 -> 6.25 | AN55: =$Y$1/R55 -> 6.25
B56: L | E56: 30022140 | N56: U000434 Drawer Big(Left) Spot | O56: =O55 -> 4 | P56: 110 | Q56: SCESGA01 | R56: =$AB$1/P56 -> 32.727273 | Y56: =$Y$1/R56 -> 30.555556 | AB56: =$Y$1/R56 -> 30.555556 | AE56: =$Y$1/R56 -> 30.555556 | AH56: =$Y$1/R56 -> 30.555556 | AK56: =$Y$1/R56 -> 30.555556 | AN56: =$Y$1/R56 -> 30.555556
B57: L | F57: 30022141 | N57: P002744 Drawer Body Big(Left) Bend | O57: =O56 -> 4 | P57: 36 | Q57: SCEBEA02 | R57: =$AB$1/P57 -> 100 | Y57: =$Y$1/R57 -> 10 | AB57: =$Y$1/R57 -> 10 | AE57: =$Y$1/R57 -> 10 | AH57: =$Y$1/R57 -> 10 | AK57: =$Y$1/R57 -> 10 | AN57: =$Y$1/R57 -> 10
B58: L | G58: 30022142 | N58: P002744 Drawer Body Big(Left) Press | O58: =O57 -> 4 | P58: 72 | Q58: SCESBA01 | R58: =$AB$1/P58 -> 50 | Y58: =$Y$1/R58 -> 20 | AB58: =$Y$1/R58 -> 20 | AE58: =$Y$1/R58 -> 20 | AH58: =$Y$1/R58 -> 20 | AK58: =$Y$1/R58 -> 20 | AN58: =$Y$1/R58 -> 20
B59: L | H59: 10030773 | N59: P002744 Drawer Body Big(Left) GP | O59: =O58 -> 4
B60: L | F60: 30023039 | N60: P002745 Drawer Handle Big(Left) Bend | O60: =O55 -> 4 | P60: 9 | Q60: SCEBEA02 | R60: =$AB$1/P60 -> 400 | Y60: =$Y$1/R60 -> 2.5 | AB60: =$Y$1/R60 -> 2.5 | AE60: =$Y$1/R60 -> 2.5 | AH60: =$Y$1/R60 -> 2.5 | AK60: =$Y$1/R60 -> 2.5 | AN60: =$Y$1/R60 -> 2.5
B61: L | G61: 30023040 | N61: P002745 Drawer Handle Big(Left) Press | O61: =O60 -> 4 | P61: 12 | Q61: SCESBA01 | R61: =$AB$1/P61 -> 300 | Y61: =$Y$1/R61 -> 3.3333333 | AB61: =$Y$1/R61 -> 3.3333333 | AE61: =$Y$1/R61 -> 3.3333333 | AH61: =$Y$1/R61 -> 3.3333333 | AK61: =$Y$1/R61 -> 3.3333333 | AN61: =$Y$1/R61 -> 3.3333333
B62: L | H62: 10030774 | N62: P002745 Drawer Handle Big(Left) GP | O62: =O61 -> 4
B63: L | F63: 30022146 | N63: P002746 Drawer Back Big(Left) Bend | O63: =O55 -> 4 | P63: 9 | Q63: SCEBEA02 | R63: =$AB$1/P63 -> 400 | Y63: =$Y$1/R63 -> 2.5 | AB63: =$Y$1/R63 -> 2.5 | AE63: =$Y$1/R63 -> 2.5 | AH63: =$Y$1/R63 -> 2.5 | AK63: =$Y$1/R63 -> 2.5 | AN63: =$Y$1/R63 -> 2.5
B64: L | G64: 10030775 | N64: P002746 Drawer Back Big(Left) GP | O64: =O55 -> 4
B65: L | E65: 10034196 | N65: CM01000007 High gloss red powder | O65: 0.12766504
B66: L | E66: 10033352 | N66: FINE CLEANER T5008 | O66: 14.942829
B67: L | E67: 10033353 | N67: PREPALENE XG | O67: 0.66709059
B68: L | E68: 10033354 | N68: ADDITIVE 4977B | O68: 0.13341812
B69: L | E69: 10033355 | N69: PALBOND LT5103RF-1 | O69: 9.7395226
B70: L | E70: 10033356 | N70: NEUTRALIZER 4055 | O70: 1.3341812
B71: L | E71: 10033357 | N71: ACCELERATOR 131 | O71: 0.53367247
B72: L | D72: 30022147 | N72: U000435 Drawer Middle Paint | O72: =O3*2 -> 2 | P72: 22.5 | Q72: SCECOA01 | R72: =$AB$1/P72 -> 160 | Y72: =$Y$1/R72 -> 6.25 | AB72: =$Y$1/R72 -> 6.25 | AE72: =$Y$1/R72 -> 6.25 | AH72: =$Y$1/R72 -> 6.25 | AK72: =$Y$1/R72 -> 6.25 | AN72: =$Y$1/R72 -> 6.25
B73: L | E73: 30022148 | N73: U000435 Drawer Middle Spot | O73: =O72 -> 2 | P73: 150 | Q73: SCESGA01 | R73: =$AB$1/P73 -> 24 | Y73: =$Y$1/R73 -> 41.666667 | AB73: =$Y$1/R73 -> 41.666667 | AE73: =$Y$1/R73 -> 41.666667 | AH73: =$Y$1/R73 -> 41.666667 | AK73: =$Y$1/R73 -> 41.666667 | AN73: =$Y$1/R73 -> 41.666667
B74: L | F74: 30022149 | N74: P002747 Drawer Body Middle Bend | O74: =O73 -> 2 | P74: 36 | Q74: SCEBEA02 | R74: =$AB$1/P74 -> 100 | Y74: =$Y$1/R74 -> 10 | AB74: =$Y$1/R74 -> 10 | AE74: =$Y$1/R74 -> 10 | AH74: =$Y$1/R74 -> 10 | AK74: =$Y$1/R74 -> 10 | AN74: =$Y$1/R74 -> 10
B75: L | G75: 30022150 | N75: P002747 Drawer Body Middle Press | O75: =O74 -> 2 | P75: 72 | Q75: SCESBA01 | R75: =$AB$1/P75 -> 50 | Y75: =$Y$1/R75 -> 20 | AB75: =$Y$1/R75 -> 20 | AE75: =$Y$1/R75 -> 20 | AH75: =$Y$1/R75 -> 20 | AK75: =$Y$1/R75 -> 20 | AN75: =$Y$1/R75 -> 20
B76: L | H76: 10030776 | N76: P002747 Drawer Body Middle GP | O76: =O75 -> 2
B77: L | F77: 30022151 | N77: P002748 Drawer Handle Middle Bend | O77: =O73 -> 2 | P77: 9 | Q77: SCEBEA02 | R77: =$AB$1/P77 -> 400 | Y77: =$Y$1/R77 -> 2.5 | AB77: =$Y$1/R77 -> 2.5 | AE77: =$Y$1/R77 -> 2.5 | AH77: =$Y$1/R77 -> 2.5 | AK77: =$Y$1/R77 -> 2.5 | AN77: =$Y$1/R77 -> 2.5
B78: L | G78: 30022152 | N78: P002748 Drawer Handle Middle Press | O78: =O73 -> 2 | P78: 12 | Q78: SCESBA01 | R78: =$AB$1/P78 -> 300 | Y78: =$Y$1/R78 -> 3.3333333 | AB78: =$Y$1/R78 -> 3.3333333 | AE78: =$Y$1/R78 -> 3.3333333 | AH78: =$Y$1/R78 -> 3.3333333 | AK78: =$Y$1/R78 -> 3.3333333 | AN78: =$Y$1/R78 -> 3.3333333
B79: L | H79: 10030777 | N79: P002748 Drawer Handle Middle GP | O79: =O73 -> 2
B80: L | F80: 30022154 | N80: P002749 Drawer Back Middle Bend | O80: =O73 -> 2 | P80: 9 | Q80: SCEBEA02 | R80: =$AB$1/P80 -> 400 | Y80: =$Y$1/R80 -> 2.5 | AB80: =$Y$1/R80 -> 2.5 | AE80: =$Y$1/R80 -> 2.5 | AH80: =$Y$1/R80 -> 2.5 | AK80: =$Y$1/R80 -> 2.5 | AN80: =$Y$1/R80 -> 2.5
B81: L | G81: 10030778 | N81: P002749 Drawer Back Middle GP | O81: =O73 -> 2
B82: L | E82: 10034196 | N82: CM01000007 High gloss red powder | O82: 0.16632081
B83: L | E83: 10033352 | N83: FINE CLEANER T5008 | O83: 19.467377
B84: L | E84: 10033353 | N84: PREPALENE XG | O84: 0.86907932
B85: L | E85: 10033354 | N85: ADDITIVE 4977B | O85: 0.17381586
B86: L | E86: 10033355 | N86: PALBOND LT5103RF-1 | O86: 12.688558
B87: L | E87: 10033356 | N87: NEUTRALIZER 4055 | O87: 1.7381586
B88: L | E88: 10033357 | N88: ACCELERATOR 131 | O88: 0.69526345
B89: L | D89: 30022155 | N89: U000436 Drawer Extra Big(Left) Paint | O89: =O3 -> 1 | P89: 22.5 | Q89: SCECOA01 | R89: =$AB$1/P89 -> 160 | Y89: =$Y$1/R89 -> 6.25 | AB89: =$Y$1/R89 -> 6.25 | AE89: =$Y$1/R89 -> 6.25 | AH89: =$Y$1/R89 -> 6.25 | AK89: =$Y$1/R89 -> 6.25 | AN89: =$Y$1/R89 -> 6.25
B90: L | E90: 30022156 | N90: U000436 Drawer Extra Big(Left) Spot | O90: =O89 -> 1 | P90: 150 | Q90: SCESGA01 | R90: =$AB$1/P90 -> 24 | Y90: =$Y$1/R90 -> 41.666667 | AB90: =$Y$1/R90 -> 41.666667 | AE90: =$Y$1/R90 -> 41.666667 | AH90: =$Y$1/R90 -> 41.666667 | AK90: =$Y$1/R90 -> 41.666667 | AN90: =$Y$1/R90 -> 41.666667
B91: L | F91: 30022157 | N91: P002750 Drawer Body Extra Big(Left) Bend | O91: =O90 -> 1 | P91: 36 | Q91: SCEBEA02 | R91: =$AB$1/P91 -> 100 | Y91: =$Y$1/R91 -> 10 | AB91: =$Y$1/R91 -> 10 | AE91: =$Y$1/R91 -> 10 | AH91: =$Y$1/R91 -> 10 | AK91: =$Y$1/R91 -> 10 | AN91: =$Y$1/R91 -> 10
B92: L | G92: 30022158 | N92: P002750 Drawer Body Extra Big(Left) Press | O92: =O91 -> 1 | P92: 72 | Q92: SCESBA01 | R92: =$AB$1/P92 -> 50 | Y92: =$Y$1/R92 -> 20 | AB92: =$Y$1/R92 -> 20 | AE92: =$Y$1/R92 -> 20 | AH92: =$Y$1/R92 -> 20 | AK92: =$Y$1/R92 -> 20 | AN92: =$Y$1/R92 -> 20
B93: L | H93: 10030779 | N93: P002750 Drawer Body Extra Big(Left) GP | O93: =O92 -> 1
F94: 30023081 | N94: P002751 Drawer Handle Extra Big(Left) Press | O94: =O90 -> 1 | P94: 12 | Q94: SCESBA01 | R94: =$AA$1/P94 -> 0 | X94: =$X$1/R94 -> #DIV/0! | AA94: =$X$1/R94 -> #DIV/0! | AD94: =$X$1/R94 -> #DIV/0! | AG94: =$X$1/R94 -> #DIV/0! | AJ94: =$X$1/R94 -> #DIV/0! | AM94: =$X$1/R94 -> #DIV/0!
G95: 30023080 | N95: P002751 Drawer Handle Extra Big(Left) Bend | O95: =O94 -> 1 | P95: 9 | Q95: SCEBEA02 | R95: =$AA$1/P95 -> 0 | X95: =$X$1/R95 -> #DIV/0! | AA95: =$X$1/R95 -> #DIV/0! | AD95: =$X$1/R95 -> #DIV/0! | AG95: =$X$1/R95 -> #DIV/0! | AJ95: =$X$1/R95 -> #DIV/0! | AM95: =$X$1/R95 -> #DIV/0!
H96: 10030780 | N96: P002751 Drawer Handle Extra Big(Left) GP | O96: =O95 -> 1
B97: L | F97: 30022162 | N97: P002752 Drawer Back Extra Big(Left) Bend | O97: =O89 -> 1 | P97: 9 | Q97: SCEBEA02 | R97: =$AB$1/P97 -> 400 | Y97: =$Y$1/R97 -> 2.5 | AB97: =$Y$1/R97 -> 2.5 | AE97: =$Y$1/R97 -> 2.5 | AH97: =$Y$1/R97 -> 2.5 | AK97: =$Y$1/R97 -> 2.5 | AN97: =$Y$1/R97 -> 2.5
B98: L | G98: 10030781 | N98: P002752 Drawer Back Extra Big(Left) GP | O98: =O90 -> 1
B99: L | E99: 10034196 | N99: CM01000007 High gloss red powder | O99: 0.17469575
B100: L | E100: 10033352 | N100: FINE CLEANER T5008 | O100: 20.44764
B101: L | E101: 10033353 | N101: PREPALENE XG | O101: 0.91284108
...

Sheet TC27 (6)
A1: NO | B1: Status | M1: Remark | N1: PART NAME (Geelong ) | O1: Q'TY | Q1: Work Center | R1: CT | S1: Alt. BOM | T1: Group Center | U1: Seq. | V1: Operation | W1: Group | Y1: 1000 | AB1: 3600
B3: L | C3: 40012178 | N3: TC-2707TSR | O3: 1 | P3: 22.5 | Q3: SCEASA01 | R3: =$AB$1/P3 -> 160 | Y3: =$Y$1/R3 -> 6.25 | AB3: =$Y$1/R3 -> 6.25 | AE3: =$Y$1/R3 -> 6.25 | AH3: =$Y$1/R3 -> 6.25 | AK3: =$Y$1/R3 -> 6.25 | AN3: =$Y$1/R3 -> 6.25
B4: L | D4: 30022112 | N4: U000433 Box Paint | O4: =O3 -> 1 | P4: 22.5 | Q4: SCECOA01 | R4: =$AB$1/P4 -> 160 | Y4: =$Y$1/R4 -> 6.25 | AB4: =$Y$1/R4 -> 6.25 | AE4: =$Y$1/R4 -> 6.25 | AH4: =$Y$1/R4 -> 6.25 | AK4: =$Y$1/R4 -> 6.25 | AN4: =$Y$1/R4 -> 6.25
B5: L | E5: 30022113 | N5: U000433 Box Weld | O5: =O4 -> 1 | P5: =180+60 -> 240 | Q5: SCEGWA01 | R5: =$AB$1/P5 -> 15 | Y5: =$Y$1/R5 -> 66.666667 | AB5: =$Y$1/R5 -> 66.666667 | AE5: =$Y$1/R5 -> 66.666667 | AH5: =$Y$1/R5 -> 66.666667 | AK5: =$Y$1/R5 -> 66.666667 | AN5: =$Y$1/R5 -> 66.666667
B6: L | F6: 30022114 | N6: U000433 Box Spot | O6: =O5 -> 1 | P6: =350 -> 350 | Q6: SCESGA01 | R6: =$AB$1/P6 -> 10.285714 | Y6: =$Y$1/R6 -> 97.222222 | AB6: =$Y$1/R6 -> 97.222222 | AE6: =$Y$1/R6 -> 97.222222 | AH6: =$Y$1/R6 -> 97.222222 | AK6: =$Y$1/R6 -> 97.222222 | AN6: =$Y$1/R6 -> 97.222222
B7: L | G7: 30022115 | N7: P002732 Top Cover Spot | O7: =O6 -> 1 | P7: 10 | Q7: SCESGA01 | R7: =$AB$1/P7 -> 360 | Y7: =$Y$1/R7 -> 2.7777778 | AB7: =$Y$1/R7 -> 2.7777778 | AE7: =$Y$1/R7 -> 2.7777778 | AH7: =$Y$1/R7 -> 2.7777778 | AK7: =$Y$1/R7 -> 2.7777778 | AN7: =$Y$1/R7 -> 2.7777778
B8: L | H8: 30022116 | N8: P002732 Top Cover Bend | O8: =O7 -> 1 | P8: 18 | Q8: SCEBEA02 | R8: =$AB$1/P8 -> 200 | Y8: =$Y$1/R8 -> 5 | AB8: =$Y$1/R8 -> 5 | AE8: =$Y$1/R8 -> 5 | AH8: =$Y$1/R8 -> 5 | AK8: =$Y$1/R8 -> 5 | AN8: =$Y$1/R8 -> 5
B9: L | I9: 30022117 | N9: P002732 Top Cover IPC | O9: =O8 -> 1
B10: L | J10: 10030761 | N10: P002732 Top Cover GP | O10: =O9 -> 1
B11: L | H11: 10030762 | N11: P002571 Hook Holder GP | O11: =O7 -> 1
B12: L | G12: 30022119 | N12: P002733 Bottom Back Bend | O12: =O6 -> 1 | P12: 9 | Q12: SCEBEA02 | R12: =$AB$1/P12 -> 400 | Y12: =$Y$1/R12 -> 2.5 | AB12: =$Y$1/R12 -> 2.5 | AE12: =$Y$1/R12 -> 2.5 | AH12: =$Y$1/R12 -> 2.5 | AK12: =$Y$1/R12 -> 2.5 | AN12: =$Y$1/R12 -> 2.5
B13: L | H13: 30022120 | N13: P002733 Bottom Back IPC | O13: =O12 -> 1
B14: L | I14: 10030763 | N14: P002733 Bottom Back GP | O14: =O13 -> 1
B15: L | G15: 30022121 | N15: P002734 Bottom Cover Reinf Bend | O15: =O6*2 -> 2 | P15: 27 | Q15: SCEBEA02 | R15: =$AB$1/P15 -> 133.33333 | Y15: =$Y$1/R15 -> 7.5 | AB15: =$Y$1/R15 -> 7.5 | AE15: =$Y$1/R15 -> 7.5 | AH15: =$Y$1/R15 -> 7.5 | AK15: =$Y$1/R15 -> 7.5 | AN15: =$Y$1/R15 -> 7.5
B16: L | H16: 10030764 | N16: P002734 Bottom Cover Reinf GP | O16: =O15 -> 2
B17: L | G17: 30023058 | N17: P002951 Box Spot | O17: =O6 -> 1 | P17: =40+40+75+75+45+80 -> 355 | Q17: SCESGA01 | R17: =$AB$1/P17 -> 10.140845 | Y17: =$Y$1/R17 -> 98.611111 | AB17: =$Y$1/R17 -> 98.611111 | AE17: =$Y$1/R17 -> 98.611111 | AH17: =$Y$1/R17 -> 98.611111 | AK17: =$Y$1/R17 -> 98.611111 | AN17: =$Y$1/R17 -> 98.611111
B18: L | H18: 30023056 | N18: P002951 Box Bend | O18: =O17 -> 1 | P18: 54 | Q18: SCESBA01 | R18: =$AB$1/P18 -> 66.666667 | Y18: =$Y$1/R18 -> 15 | AB18: =$Y$1/R18 -> 15 | AE18: =$Y$1/R18 -> 15 | AH18: =$Y$1/R18 -> 15 | AK18: =$Y$1/R18 -> 15 | AN18: =$Y$1/R18 -> 15
B19: L | I19: 30023057 | N19: P002951 Box Press | O19: =O17 -> 1 | P19: 24 | Q19: SCESBA01 | R19: =$AB$1/P19 -> 150 | Y19: =$Y$1/R19 -> 6.6666667 | AB19: =$Y$1/R19 -> 6.6666667 | AE19: =$Y$1/R19 -> 6.6666667 | AH19: =$Y$1/R19 -> 6.6666667 | AK19: =$Y$1/R19 -> 6.6666667 | AN19: =$Y$1/R19 -> 6.6666667
B20: L | J20: 10034385 | N20: P002951 Box GP | O20: =O19 -> 1
B21: L | H21: 30023060 | N21: P002952 BBS Holder Front Left Spot | O21: =O17 -> 1 | P21: 50 | Q21: SCESGA01 | R21: =$AB$1/P21 -> 72 | Y21: =$Y$1/R21 -> 13.888889 | AB21: =$Y$1/R21 -> 13.888889 | AE21: =$Y$1/R21 -> 13.888889 | AH21: =$Y$1/R21 -> 13.888889 | AK21: =$Y$1/R21 -> 13.888889 | AN21: =$Y$1/R21 -> 13.888889
B22: L | I22: 30023059 | N22: P002952 BBS Holder Front Left Press | O22: =O19 -> 1 | P22: 12 | Q22: SCESBA01 | R22: =$AB$1/P22 -> 300 | Y22: =$Y$1/R22 -> 3.3333333 | AB22: =$Y$1/R22 -> 3.3333333 | AE22: =$Y$1/R22 -> 3.3333333 | AH22: =$Y$1/R22 -> 3.3333333 | AK22: =$Y$1/R22 -> 3.3333333 | AN22: =$Y$1/R22 -> 3.3333333
B23: L | J23: 10034386 | N23: P002952 BBS Holder Front Left GP | O23: =O20 -> 1
B24: L | I24: 30023055 | N24: P002801 BBS Holder Front Reinf Bend | O24: =O21 -> 1 | P24: 18 | Q24: SCEBEA02 | R24: =$AB$1/P24 -> 200 | Y24: =$Y$1/R24 -> 5 | AB24: =$Y$1/R24 -> 5 | AE24: =$Y$1/R24 -> 5 | AH24: =$Y$1/R24 -> 5 | AK24: =$Y$1/R24 -> 5 | AN24: =$Y$1/R24 -> 5
B25: L | J25: 30022130 | N25: P002801 BBS Holder Front Reinf Laser | O25: =O24 -> 1 | P25: 13 | Q25: SCECUA04 | R25: =$AB$1/P25 -> 276.92308 | Y25: =$Y$1/R25 -> 3.6111111 | AB25: =$Y$1/R25 -> 3.6111111 | AE25: =$Y$1/R25 -> 3.6111111 | AH25: =$Y$1/R25 -> 3.6111111 | AK25: =$Y$1/R25 -> 3.6111111 | AN25: =$Y$1/R25 -> 3.6111111
B26: L | K26: 10030768 | N26: P002801 BBS Holder Front Reinf GP | O26: =O25 -> 1
B27: L | H27: 30023062 | N27: P002953 BBS Holder Front Right Spot | O27: =O19 -> 1 | P27: 50 | Q27: SCESGA01 | R27: =$AB$1/P27 -> 72 | Y27: =$Y$1/R27 -> 13.888889 | AB27: =$Y$1/R27 -> 13.888889 | AE27: =$Y$1/R27 -> 13.888889 | AH27: =$Y$1/R27 -> 13.888889 | AK27: =$Y$1/R27 -> 13.888889 | AN27: =$Y$1/R27 -> 13.888889
B28: L | I28: 30023061 | N28: P002953 BBS Holder Front Right Press | O28: =O27 -> 1 | P28: 12 | Q28: SCESBA01 | R28: =$AB$1/P28 -> 300 | Y28: =$Y$1/R28 -> 3.3333333 | AB28: =$Y$1/R28 -> 3.3333333 | AE28: =$Y$1/R28 -> 3.3333333 | AH28: =$Y$1/R28 -> 3.3333333 | AK28: =$Y$1/R28 -> 3.3333333 | AN28: =$Y$1/R28 -> 3.3333333
B29: L | J29: 10034387 | N29: P002953 BBS Holder Front Right GP | O29: =O28 -> 1
B30: L | I30: 30023055 | N30: P002801 BBS Holder Front Reinf Bend | O30: =O27 -> 1 | P30: 18 | Q30: SCEBEA02 | R30: =$AB$1/P30 -> 200 | Y30: =$Y$1/R30 -> 5 | AB30: =$Y$1/R30 -> 5 | AE30: =$Y$1/R30 -> 5 | AH30: =$Y$1/R30 -> 5 | AK30: =$Y$1/R30 -> 5 | AN30: =$Y$1/R30 -> 5
B31: L | J31: 30022130 | N31: P002801 BBS Holder Front Reinf Laser | O31: =O30 -> 1 | P31: 13 | Q31: SCECUA04 | R31: =$AB$1/P31 -> 276.92308 | Y31: =$Y$1/R31 -> 3.6111111 | AB31: =$Y$1/R31 -> 3.6111111 | AE31: =$Y$1/R31 -> 3.6111111 | AH31: =$Y$1/R31 -> 3.6111111 | AK31: =$Y$1/R31 -> 3.6111111 | AN31: =$Y$1/R31 -> 3.6111111
B32: L | K32: 10030768 | N32: P002801 BBS Holder Front Reinf GP | O32: =O31 -> 1
B33: L | H33: 30023063 | N33: P002954 BBS Holder Rear Left Press | O33: =O17 -> 1 | P33: 12 | Q33: SCESBA01 | R33: =$AB$1/P33 -> 300 | Y33: =$Y$1/R33 -> 3.3333333 | AB33: =$Y$1/R33 -> 3.3333333 | AE33: =$Y$1/R33 -> 3.3333333 | AH33: =$Y$1/R33 -> 3.3333333 | AK33: =$Y$1/R33 -> 3.3333333 | AN33: =$Y$1/R33 -> 3.3333333
B34: L | I34: 10034388 | N34: P002954 BBS Holder Rear Left GP | O34: =O33 -> 1
B35: L | H35: 30023064 | N35: P002955 BBS Holder Rear Right Press | O35: =O19 -> 1 | P35: 12 | Q35: SCESBA01 | R35: =$AB$1/P35 -> 300 | Y35: =$Y$1/R35 -> 3.3333333 | AB35: =$Y$1/R35 -> 3.3333333 | AE35: =$Y$1/R35 -> 3.3333333 | AH35: =$Y$1/R35 -> 3.3333333 | AK35: =$Y$1/R35 -> 3.3333333 | AN35: =$Y$1/R35 -> 3.3333333
B36: L | I36: 10034389 | N36: P002955 BBS Holder Rear Right GP | O36: =O35 -> 1
B37: L | H37: 30023050 | N37: P002622 Locking Slide Bend | O37: =O17 -> 1 | P37: 36 | Q37: SCEBEA02 | R37: =$AB$1/P37 -> 100 | Y37: =$Y$1/R37 -> 10 | AB37: =$Y$1/R37 -> 10 | AE37: =$Y$1/R37 -> 10 | AH37: =$Y$1/R37 -> 10 | AK37: =$Y$1/R37 -> 10 | AN37: =$Y$1/R37 -> 10
B38: L | I38: 30023145 | N38: P002622 Locking Slide Laser | O38: =O37 -> 1 | P38: 8 | Q38: SCECUA04 | R38: 450 | Y38: 125 | AB38: 125 | AE38: 125 | AH38: 125 | AK38: 125 | AN38: 125
B39: L | J39: 10034294 | N39: P002622 Locking Slide GP | O39: =O37 -> 1
B40: L | H40: 30023053 | N40: P002626 Cover Support Spot | O40: =O17*2 -> 2 | P40: 32 | Q40: SCESGA01 | R40: =$AB$1/P40 -> 112.5 | Y40: =$Y$1/R40 -> 8.8888889 | AB40: =$Y$1/R40 -> 8.8888889 | AE40: =$Y$1/R40 -> 8.8888889 | AH40: =$Y$1/R40 -> 8.8888889 | AK40: =$Y$1/R40 -> 8.8888889 | AN40: =$Y$1/R40 -> 8.8888889
B41: L | I41: 30023051 | N41: P002626 Cover Support Bend | O41: =O40 -> 2 | P41: 18 | Q41: SCEBEA02 | R41: =$AB$1/P41 -> 200 | Y41: =$Y$1/R41 -> 5 | AB41: =$Y$1/R41 -> 5 | AE41: =$Y$1/R41 -> 5 | AH41: =$Y$1/R41 -> 5 | AK41: =$Y$1/R41 -> 5 | AN41: =$Y$1/R41 -> 5
B42: L | J42: 30023052 | N42: P002626 Cover Support Press | O42: =O40 -> 2 | P42: 24 | Q42: SCESBA01 | R42: =$AB$1/P42 -> 150 | Y42: =$Y$1/R42 -> 6.6666667 | AB42: =$Y$1/R42 -> 6.6666667 | AE42: =$Y$1/R42 -> 6.6666667 | AH42: =$Y$1/R42 -> 6.6666667 | AK42: =$Y$1/R42 -> 6.6666667 | AN42: =$Y$1/R42 -> 6.6666667
B43: L | K43: 10034298 | N43: P002626 Cover Support GP | O43: =O42 -> 2
B44: L | F44: 30023054 | N44: P002742 Rear Lock Row Press | O44: =-O5 -> -1 | P44: 12 | Q44: SCESBA01 | R44: =$AB$1/P44 -> 300 | Y44: =$Y$1/R44 -> 3.3333333 | AB44: =$Y$1/R44 -> 3.3333333 | AE44: =$Y$1/R44 -> 3.3333333 | AH44: =$Y$1/R44 -> 3.3333333 | AK44: =$Y$1/R44 -> 3.3333333 | AN44: =$Y$1/R44 -> 3.3333333
B45: L | G45: 10030772 | N45: P002742 Rear Lock Row | O45: =O5 -> 1
B46: L | F46: 10011564 | N46: MA99002500 welding thread CO2 0.8(15kg) | O46: 0.02
B47: L | F47: 10025819 | N47: แก๊ส Co2 | O47: 0.001
B48: L | E48: 10034196 | N48: CM01000007 High gloss red powder | O48: 1.0320025
B49: L | E49: 10033352 | N49: FINE CLEANER T5008 | O49: 120.79295
B50: L | E50: 10033353 | N50: PREPALENE XG | O50: 5.3925424
B51: L | E51: 10033354 | N51: ADDITIVE 4977B | O51: 1.0785085
B52: L | E52: 10033355 | N52: PALBOND LT5103RF-1 | O52: 78.731119
B53: L | E53: 10033356 | N53: NEUTRALIZER 4055 | O53: 10.785085
B54: L | E54: 10033357 | N54: ACCELERATOR 131 | O54: 4.3140339
B55: L | D55: 30022139 | N55: U000434 Drawer Big(Left) Paint | O55: =O3*4 -> 4 | P55: 22.5 | Q55: SCECOA01 | R55: =$AB$1/P55 -> 160 | Y55: =$Y$1/R55 -> 6.25 | AB55: =$Y$1/R55 -> 6.25 | AE55: =$Y$1/R55 -> 6.25 | AH55: =$Y$1/R55 -> 6.25 | AK55: =$Y$1/R55 -> 6.25 | AN55: =$Y$1/R55 -> 6.25
B56: L | E56: 30022140 | N56: U000434 Drawer Big(Left) Spot | O56: =O55 -> 4 | P56: 110 | Q56: SCESGA01 | R56: =$AB$1/P56 -> 32.727273 | Y56: =$Y$1/R56 -> 30.555556 | AB56: =$Y$1/R56 -> 30.555556 | AE56: =$Y$1/R56 -> 30.555556 | AH56: =$Y$1/R56 -> 30.555556 | AK56: =$Y$1/R56 -> 30.555556 | AN56: =$Y$1/R56 -> 30.555556
B57: L | F57: 30022141 | N57: P002744 Drawer Body Big(Left) Bend | O57: =O56 -> 4 | P57: 36 | Q57: SCEBEA02 | R57: =$AB$1/P57 -> 100 | Y57: =$Y$1/R57 -> 10 | AB57: =$Y$1/R57 -> 10 | AE57: =$Y$1/R57 -> 10 | AH57: =$Y$1/R57 -> 10 | AK57: =$Y$1/R57 -> 10 | AN57: =$Y$1/R57 -> 10
B58: L | G58: 30022142 | N58: P002744 Drawer Body Big(Left) Press | O58: =O57 -> 4 | P58: 72 | Q58: SCESBA01 | R58: =$AB$1/P58 -> 50 | Y58: =$Y$1/R58 -> 20 | AB58: =$Y$1/R58 -> 20 | AE58: =$Y$1/R58 -> 20 | AH58: =$Y$1/R58 -> 20 | AK58: =$Y$1/R58 -> 20 | AN58: =$Y$1/R58 -> 20
B59: L | H59: 10030773 | N59: P002744 Drawer Body Big(Left) GP | O59: =O58 -> 4
B60: L | F60: 30023039 | N60: P002745 Drawer Handle Big(Left) Bend | O60: =O55 -> 4 | P60: 9 | Q60: SCEBEA02 | R60: =$AB$1/P60 -> 400 | Y60: =$Y$1/R60 -> 2.5 | AB60: =$Y$1/R60 -> 2.5 | AE60: =$Y$1/R60 -> 2.5 | AH60: =$Y$1/R60 -> 2.5 | AK60: =$Y$1/R60 -> 2.5 | AN60: =$Y$1/R60 -> 2.5
B61: L | G61: 30023040 | N61: P002745 Drawer Handle Big(Left) Press | O61: =O60 -> 4 | P61: 12 | Q61: SCESBA01 | R61: =$AB$1/P61 -> 300 | Y61: =$Y$1/R61 -> 3.3333333 | AB61: =$Y$1/R61 -> 3.3333333 | AE61: =$Y$1/R61 -> 3.3333333 | AH61: =$Y$1/R61 -> 3.3333333 | AK61: =$Y$1/R61 -> 3.3333333 | AN61: =$Y$1/R61 -> 3.3333333
B62: L | H62: 10030774 | N62: P002745 Drawer Handle Big(Left) GP | O62: =O61 -> 4
B63: L | F63: 30022146 | N63: P002746 Drawer Back Big(Left) Bend | O63: =O55 -> 4 | P63: 9 | Q63: SCEBEA02 | R63: =$AB$1/P63 -> 400 | Y63: =$Y$1/R63 -> 2.5 | AB63: =$Y$1/R63 -> 2.5 | AE63: =$Y$1/R63 -> 2.5 | AH63: =$Y$1/R63 -> 2.5 | AK63: =$Y$1/R63 -> 2.5 | AN63: =$Y$1/R63 -> 2.5
B64: L | G64: 10030775 | N64: P002746 Drawer Back Big(Left) GP | O64: =O55 -> 4
B65: L | E65: 10034196 | N65: CM01000007 High gloss red powder | O65: 0.12766504
B66: L | E66: 10033352 | N66: FINE CLEANER T5008 | O66: 14.942829
B67: L | E67: 10033353 | N67: PREPALENE XG | O67: 0.66709059
B68: L | E68: 10033354 | N68: ADDITIVE 4977B | O68: 0.13341812
B69: L | E69: 10033355 | N69: PALBOND LT5103RF-1 | O69: 9.7395226
B70: L | E70: 10033356 | N70: NEUTRALIZER 4055 | O70: 1.3341812
B71: L | E71: 10033357 | N71: ACCELERATOR 131 | O71: 0.53367247
B72: L | D72: 30022147 | N72: U000435 Drawer Middle Paint | O72: =O3*2 -> 2 | P72: 22.5 | Q72: SCECOA01 | R72: =$AB$1/P72 -> 160 | Y72: =$Y$1/R72 -> 6.25 | AB72: =$Y$1/R72 -> 6.25 | AE72: =$Y$1/R72 -> 6.25 | AH72: =$Y$1/R72 -> 6.25 | AK72: =$Y$1/R72 -> 6.25 | AN72: =$Y$1/R72 -> 6.25
B73: L | E73: 30022148 | N73: U000435 Drawer Middle Spot | O73: =O72 -> 2 | P73: 150 | Q73: SCESGA01 | R73: =$AB$1/P73 -> 24 | Y73: =$Y$1/R73 -> 41.666667 | AB73: =$Y$1/R73 -> 41.666667 | AE73: =$Y$1/R73 -> 41.666667 | AH73: =$Y$1/R73 -> 41.666667 | AK73: =$Y$1/R73 -> 41.666667 | AN73: =$Y$1/R73 -> 41.666667
B74: L | F74: 30022149 | N74: P002747 Drawer Body Middle Bend | O74: =O73 -> 2 | P74: 36 | Q74: SCEBEA02 | R74: =$AB$1/P74 -> 100 | Y74: =$Y$1/R74 -> 10 | AB74: =$Y$1/R74 -> 10 | AE74: =$Y$1/R74 -> 10 | AH74: =$Y$1/R74 -> 10 | AK74: =$Y$1/R74 -> 10 | AN74: =$Y$1/R74 -> 10
B75: L | G75: 30022150 | N75: P002747 Drawer Body Middle Press | O75: =O74 -> 2 | P75: 72 | Q75: SCESBA01 | R75: =$AB$1/P75 -> 50 | Y75: =$Y$1/R75 -> 20 | AB75: =$Y$1/R75 -> 20 | AE75: =$Y$1/R75 -> 20 | AH75: =$Y$1/R75 -> 20 | AK75: =$Y$1/R75 -> 20 | AN75: =$Y$1/R75 -> 20
B76: L | H76: 10030776 | N76: P002747 Drawer Body Middle GP | O76: =O75 -> 2
B77: L | F77: 30022151 | N77: P002748 Drawer Handle Middle Bend | O77: =O73 -> 2 | P77: 9 | Q77: SCEBEA02 | R77: =$AB$1/P77 -> 400 | Y77: =$Y$1/R77 -> 2.5 | AB77: =$Y$1/R77 -> 2.5 | AE77: =$Y$1/R77 -> 2.5 | AH77: =$Y$1/R77 -> 2.5 | AK77: =$Y$1/R77 -> 2.5 | AN77: =$Y$1/R77 -> 2.5
B78: L | G78: 30022152 | N78: P002748 Drawer Handle Middle Press | O78: =O73 -> 2 | P78: 12 | Q78: SCESBA01 | R78: =$AB$1/P78 -> 300 | Y78: =$Y$1/R78 -> 3.3333333 | AB78: =$Y$1/R78 -> 3.3333333 | AE78: =$Y$1/R78 -> 3.3333333 | AH78: =$Y$1/R78 -> 3.3333333 | AK78: =$Y$1/R78 -> 3.3333333 | AN78: =$Y$1/R78 -> 3.3333333
B79: L | H79: 10030777 | N79: P002748 Drawer Handle Middle GP | O79: =O73 -> 2
B80: L | F80: 30022154 | N80: P002749 Drawer Back Middle Bend | O80: =O73 -> 2 | P80: 9 | Q80: SCEBEA02 | R80: =$AB$1/P80 -> 400 | Y80: =$Y$1/R80 -> 2.5 | AB80: =$Y$1/R80 -> 2.5 | AE80: =$Y$1/R80 -> 2.5 | AH80: =$Y$1/R80 -> 2.5 | AK80: =$Y$1/R80 -> 2.5 | AN80: =$Y$1/R80 -> 2.5
B81: L | G81: 10030778 | N81: P002749 Drawer Back Middle GP | O81: =O73 -> 2
B82: L | E82: 10034196 | N82: CM01000007 High gloss red powder | O82: 0.16632081
B83: L | E83: 10033352 | N83: FINE CLEANER T5008 | O83: 19.467377
B84: L | E84: 10033353 | N84: PREPALENE XG | O84: 0.86907932
B85: L | E85: 10033354 | N85: ADDITIVE 4977B | O85: 0.17381586
B86: L | E86: 10033355 | N86: PALBOND LT5103RF-1 | O86: 12.688558
B87: L | E87: 10033356 | N87: NEUTRALIZER 4055 | O87: 1.7381586
B88: L | E88: 10033357 | N88: ACCELERATOR 131 | O88: 0.69526345
B89: L | D89: 30022155 | N89: U000436 Drawer Extra Big(Left) Paint | O89: =O3 -> 1 | P89: 22.5 | Q89: SCECOA01 | R89: =$AB$1/P89 -> 160 | Y89: =$Y$1/R89 -> 6.25 | AB89: =$Y$1/R89 -> 6.25 | AE89: =$Y$1/R89 -> 6.25 | AH89: =$Y$1/R89 -> 6.25 | AK89: =$Y$1/R89 -> 6.25 | AN89: =$Y$1/R89 -> 6.25
B90: L | E90: 30022156 | N90: U000436 Drawer Extra Big(Left) Spot | O90: =O89 -> 1 | P90: 150 | Q90: SCESGA01 | R90: =$AB$1/P90 -> 24 | Y90: =$Y$1/R90 -> 41.666667 | AB90: =$Y$1/R90 -> 41.666667 | AE90: =$Y$1/R90 -> 41.666667 | AH90: =$Y$1/R90 -> 41.666667 | AK90: =$Y$1/R90 -> 41.666667 | AN90: =$Y$1/R90 -> 41.666667
B91: L | F91: 30022157 | N91: P002750 Drawer Body Extra Big(Left) Bend | O91: =O90 -> 1 | P91: 36 | Q91: SCEBEA02 | R91: =$AB$1/P91 -> 100 | Y91: =$Y$1/R91 -> 10 | AB91: =$Y$1/R91 -> 10 | AE91: =$Y$1/R91 -> 10 | AH91: =$Y$1/R91 -> 10 | AK91: =$Y$1/R91 -> 10 | AN91: =$Y$1/R91 -> 10
B92: L | G92: 30022158 | N92: P002750 Drawer Body Extra Big(Left) Press | O92: =O91 -> 1 | P92: 72 | Q92: SCESBA01 | R92: =$AB$1/P92 -> 50 | Y92: =$Y$1/R92 -> 20 | AB92: =$Y$1/R92 -> 20 | AE92: =$Y$1/R92 -> 20 | AH92: =$Y$1/R92 -> 20 | AK92: =$Y$1/R92 -> 20 | AN92: =$Y$1/R92 -> 20
B93: L | H93: 10030779 | N93: P002750 Drawer Body Extra Big(Left) GP | O93: =O92 -> 1
F94: 30023081 | N94: P002751 Drawer Handle Extra Big(Left) Press | O94: =O90 -> 1 | P94: 12 | Q94: SCESBA01 | R94: =$AA$1/P94 -> 0 | X94: =$X$1/R94 -> #DIV/0! | AA94: =$X$1/R94 -> #DIV/0! | AD94: =$X$1/R94 -> #DIV/0! | AG94: =$X$1/R94 -> #DIV/0! | AJ94: =$X$1/R94 -> #DIV/0! | AM94: =$X$1/R94 -> #DIV/0!
G95: 30023080 | N95: P002751 Drawer Handle Extra Big(Left) Bend | O95: =O94 -> 1 | P95: 9 | Q95: SCEBEA02 | R95: =$AA$1/P95 -> 0 | X95: =$X$1/R95 -> #DIV/0! | AA95: =$X$1/R95 -> #DIV/0! | AD95: =$X$1/R95 -> #DIV/0! | AG95: =$X$1/R95 -> #DIV/0! | AJ95: =$X$1/R95 -> #DIV/0! | AM95: =$X$1/R95 -> #DIV/0!
H96: 10030780 | N96: P002751 Drawer Handle Extra Big(Left) GP | O96: =O95 -> 1
B97: L | F97: 30022162 | N97: P002752 Drawer Back Extra Big(Left) Bend | O97: =O89 -> 1 | P97: 9 | Q97: SCEBEA02 | R97: =$AB$1/P97 -> 400 | Y97: =$Y$1/R97 -> 2.5 | AB97: =$Y$1/R97 -> 2.5 | AE97: =$Y$1/R97 -> 2.5 | AH97: =$Y$1/R97 -> 2.5 | AK97: =$Y$1/R97 -> 2.5 | AN97: =$Y$1/R97 -> 2.5
B98: L | G98: 10030781 | N98: P002752 Drawer Back Extra Big(Left) GP | O98: =O90 -> 1
B99: L | E99: 10034196 | N99: CM01000007 High gloss red powder | O99: 0.17469575
B100: L | E100: 10033352 | N100: FINE CLEANER T5008 | O100: 20.44764
B101: L | E101: 10033353 | N101: PREPALENE XG | O101: 0.91284108
...

Sheet TC27 (16-7-2025)
A1: NO | B1: Status | M1: Remark | N1: PART NAME (Geelong ) | O1: Q'TY | Q1: Work Center | R1: CT | S1: Alt. BOM | T1: Group Center | U1: Seq. | V1: Operation | W1: Group | Y1: 1000 | AB1: 3600
B3: L | C3: 40012178 | N3: TC-2707TSR | O3: 1 | P3: 22.5 | Q3: SCEASA01 | R3: =$AB$1/P3 -> 160 | Y3: =$Y$1/R3 -> 6.25 | AB3: =$Y$1/R3 -> 6.25 | AE3: =$Y$1/R3 -> 6.25 | AH3: =$Y$1/R3 -> 6.25 | AK3: =$Y$1/R3 -> 6.25 | AN3: =$Y$1/R3 -> 6.25
B4: L | D4: 30022112 | N4: U000433 Box Paint | O4: =O3 -> 1 | P4: 22.5 | Q4: SCECOA01 | R4: =$AB$1/P4 -> 160 | Y4: =$Y$1/R4 -> 6.25 | AB4: =$Y$1/R4 -> 6.25 | AE4: =$Y$1/R4 -> 6.25 | AH4: =$Y$1/R4 -> 6.25 | AK4: =$Y$1/R4 -> 6.25 | AN4: =$Y$1/R4 -> 6.25
B5: L | E5: 30022113 | N5: U000433 Box Weld | O5: =O4 -> 1 | P5: =180+60 -> 240 | Q5: SCEGWA01 | R5: =$AB$1/P5 -> 15 | Y5: =$Y$1/R5 -> 66.666667 | AB5: =$Y$1/R5 -> 66.666667 | AE5: =$Y$1/R5 -> 66.666667 | AH5: =$Y$1/R5 -> 66.666667 | AK5: =$Y$1/R5 -> 66.666667 | AN5: =$Y$1/R5 -> 66.666667
B6: L | F6: 30022114 | N6: U000433 Box Spot | O6: =O5 -> 1 | P6: =350 -> 350 | Q6: SCESGA01 | R6: =$AB$1/P6 -> 10.285714 | Y6: =$Y$1/R6 -> 97.222222 | AB6: =$Y$1/R6 -> 97.222222 | AE6: =$Y$1/R6 -> 97.222222 | AH6: =$Y$1/R6 -> 97.222222 | AK6: =$Y$1/R6 -> 97.222222 | AN6: =$Y$1/R6 -> 97.222222
B7: L | G7: 30022115 | N7: P002732 Top Cover Spot | O7: =O6 -> 1 | P7: 10 | Q7: SCESGA01 | R7: =$AB$1/P7 -> 360 | Y7: =$Y$1/R7 -> 2.7777778 | AB7: =$Y$1/R7 -> 2.7777778 | AE7: =$Y$1/R7 -> 2.7777778 | AH7: =$Y$1/R7 -> 2.7777778 | AK7: =$Y$1/R7 -> 2.7777778 | AN7: =$Y$1/R7 -> 2.7777778
B8: L | H8: 30022116 | N8: P002732 Top Cover Bend | O8: =O7 -> 1 | P8: 18 | Q8: SCEBEA02 | R8: =$AB$1/P8 -> 200 | Y8: =$Y$1/R8 -> 5 | AB8: =$Y$1/R8 -> 5 | AE8: =$Y$1/R8 -> 5 | AH8: =$Y$1/R8 -> 5 | AK8: =$Y$1/R8 -> 5 | AN8: =$Y$1/R8 -> 5
B9: L | I9: 30022117 | N9: P002732 Top Cover IPC | O9: =O8 -> 1
B10: L | J10: 10030761 | N10: P002732 Top Cover GP | O10: =O9 -> 1
B11: L | H11: 10030762 | N11: P002571 Hook Holder GP | O11: =O7 -> 1
B12: L | G12: 30022119 | N12: P002733 Bottom Back Bend | O12: =O6 -> 1 | P12: 9 | Q12: SCEBEA02 | R12: =$AB$1/P12 -> 400 | Y12: =$Y$1/R12 -> 2.5 | AB12: =$Y$1/R12 -> 2.5 | AE12: =$Y$1/R12 -> 2.5 | AH12: =$Y$1/R12 -> 2.5 | AK12: =$Y$1/R12 -> 2.5 | AN12: =$Y$1/R12 -> 2.5
B13: L | H13: 30022120 | N13: P002733 Bottom Back IPC | O13: =O12 -> 1
B14: L | I14: 10030763 | N14: P002733 Bottom Back GP | O14: =O13 -> 1
B15: L | G15: 30022121 | N15: P002734 Bottom Cover Reinf Bend | O15: =O6*2 -> 2 | P15: 27 | Q15: SCEBEA02 | R15: =$AB$1/P15 -> 133.33333 | Y15: =$Y$1/R15 -> 7.5 | AB15: =$Y$1/R15 -> 7.5 | AE15: =$Y$1/R15 -> 7.5 | AH15: =$Y$1/R15 -> 7.5 | AK15: =$Y$1/R15 -> 7.5 | AN15: =$Y$1/R15 -> 7.5
B16: L | H16: 10030764 | N16: P002734 Bottom Cover Reinf GP | O16: =O15 -> 2
B17: L | G17: 30023058 | N17: P002951 Box Spot | O17: =O6 -> 1 | P17: =40+40+75+75+45+80 -> 355 | Q17: SCESGA01 | R17: =$AB$1/P17 -> 10.140845 | Y17: =$Y$1/R17 -> 98.611111 | AB17: =$Y$1/R17 -> 98.611111 | AE17: =$Y$1/R17 -> 98.611111 | AH17: =$Y$1/R17 -> 98.611111 | AK17: =$Y$1/R17 -> 98.611111 | AN17: =$Y$1/R17 -> 98.611111
B18: L | H18: 30023056 | N18: P002951 Box Bend | O18: =O17 -> 1 | P18: 54 | Q18: SCESBA01 | R18: =$AB$1/P18 -> 66.666667 | Y18: =$Y$1/R18 -> 15 | AB18: =$Y$1/R18 -> 15 | AE18: =$Y$1/R18 -> 15 | AH18: =$Y$1/R18 -> 15 | AK18: =$Y$1/R18 -> 15 | AN18: =$Y$1/R18 -> 15
B19: L | I19: 30023057 | J19: Delete | N19: P002951 Box Press | O19: =O17 -> 1 | P19: 24 | Q19: SCESBA01 | R19: =$AB$1/P19 -> 150 | Y19: =$Y$1/R19 -> 6.6666667 | AB19: =$Y$1/R19 -> 6.6666667 | AE19: =$Y$1/R19 -> 6.6666667 | AH19: =$Y$1/R19 -> 6.6666667 | AK19: =$Y$1/R19 -> 6.6666667 | AN19: =$Y$1/R19 -> 6.6666667
B20: L | J20: 10034385 | N20: P002951 Box GP | O20: =O19 -> 1
B21: L | H21: 30023060 | N21: P002952 BBS Holder Front Left Spot | O21: =O17 -> 1 | P21: 50 | Q21: SCESGA01 | R21: =$AB$1/P21 -> 72 | Y21: =$Y$1/R21 -> 13.888889 | AB21: =$Y$1/R21 -> 13.888889 | AE21: =$Y$1/R21 -> 13.888889 | AH21: =$Y$1/R21 -> 13.888889 | AK21: =$Y$1/R21 -> 13.888889 | AN21: =$Y$1/R21 -> 13.888889
B22: L | I22: 30023059 | N22: P002952 BBS Holder Front Left Press | O22: =O19 -> 1 | P22: 12 | Q22: SCESBA01 | R22: =$AB$1/P22 -> 300 | Y22: =$Y$1/R22 -> 3.3333333 | AB22: =$Y$1/R22 -> 3.3333333 | AE22: =$Y$1/R22 -> 3.3333333 | AH22: =$Y$1/R22 -> 3.3333333 | AK22: =$Y$1/R22 -> 3.3333333 | AN22: =$Y$1/R22 -> 3.3333333
B23: L | J23: 10034386 | N23: P002952 BBS Holder Front Left GP | O23: =O20 -> 1
B24: L | I24: 30023055 | N24: P002801 BBS Holder Front Reinf Bend | O24: =O21 -> 1 | P24: 18 | Q24: SCEBEA02 | R24: =$AB$1/P24 -> 200 | Y24: =$Y$1/R24 -> 5 | AB24: =$Y$1/R24 -> 5 | AE24: =$Y$1/R24 -> 5 | AH24: =$Y$1/R24 -> 5 | AK24: =$Y$1/R24 -> 5 | AN24: =$Y$1/R24 -> 5
B25: L | J25: 30022130 | K25: Delete | N25: P002801 BBS Holder Front Reinf Laser | O25: =O24 -> 1 | P25: 13 | Q25: SCECUA04 | R25: =$AB$1/P25 -> 276.92308 | Y25: =$Y$1/R25 -> 3.6111111 | AB25: =$Y$1/R25 -> 3.6111111 | AE25: =$Y$1/R25 -> 3.6111111 | AH25: =$Y$1/R25 -> 3.6111111 | AK25: =$Y$1/R25 -> 3.6111111 | AN25: =$Y$1/R25 -> 3.6111111
B26: L | K26: 10030768 | N26: P002801 BBS Holder Front Reinf GP | O26: =O25 -> 1
B27: L | H27: 30023062 | N27: P002953 BBS Holder Front Right Spot | O27: =O19 -> 1 | P27: 50 | Q27: SCESGA01 | R27: =$AB$1/P27 -> 72 | Y27: =$Y$1/R27 -> 13.888889 | AB27: =$Y$1/R27 -> 13.888889 | AE27: =$Y$1/R27 -> 13.888889 | AH27: =$Y$1/R27 -> 13.888889 | AK27: =$Y$1/R27 -> 13.888889 | AN27: =$Y$1/R27 -> 13.888889
B28: L | I28: 30023061 | N28: P002953 BBS Holder Front Right Press | O28: =O27 -> 1 | P28: 12 | Q28: SCESBA01 | R28: =$AB$1/P28 -> 300 | Y28: =$Y$1/R28 -> 3.3333333 | AB28: =$Y$1/R28 -> 3.3333333 | AE28: =$Y$1/R28 -> 3.3333333 | AH28: =$Y$1/R28 -> 3.3333333 | AK28: =$Y$1/R28 -> 3.3333333 | AN28: =$Y$1/R28 -> 3.3333333
B29: L | J29: 10034387 | N29: P002953 BBS Holder Front Right GP | O29: =O28 -> 1
B30: L | I30: 30023055 | N30: P002801 BBS Holder Front Reinf Bend | O30: =O27 -> 1 | P30: 18 | Q30: SCEBEA02 | R30: =$AB$1/P30 -> 200 | Y30: =$Y$1/R30 -> 5 | AB30: =$Y$1/R30 -> 5 | AE30: =$Y$1/R30 -> 5 | AH30: =$Y$1/R30 -> 5 | AK30: =$Y$1/R30 -> 5 | AN30: =$Y$1/R30 -> 5
B31: L | J31: 30022130 | K31: Delete | N31: P002801 BBS Holder Front Reinf Laser | O31: =O30 -> 1 | P31: 13 | Q31: SCECUA04 | R31: =$AB$1/P31 -> 276.92308 | Y31: =$Y$1/R31 -> 3.6111111 | AB31: =$Y$1/R31 -> 3.6111111 | AE31: =$Y$1/R31 -> 3.6111111 | AH31: =$Y$1/R31 -> 3.6111111 | AK31: =$Y$1/R31 -> 3.6111111 | AN31: =$Y$1/R31 -> 3.6111111
B32: L | K32: 10030768 | N32: P002801 BBS Holder Front Reinf GP | O32: =O31 -> 1
B33: L | H33: 30023063 | N33: P002954 BBS Holder Rear Left Press | O33: =O17 -> 1 | P33: 12 | Q33: SCESBA01 | R33: =$AB$1/P33 -> 300 | Y33: =$Y$1/R33 -> 3.3333333 | AB33: =$Y$1/R33 -> 3.3333333 | AE33: =$Y$1/R33 -> 3.3333333 | AH33: =$Y$1/R33 -> 3.3333333 | AK33: =$Y$1/R33 -> 3.3333333 | AN33: =$Y$1/R33 -> 3.3333333
B34: L | I34: 10034388 | N34: P002954 BBS Holder Rear Left GP | O34: =O33 -> 1
B35: L | H35: 30023064 | N35: P002955 BBS Holder Rear Right Press | O35: =O19 -> 1 | P35: 12 | Q35: SCESBA01 | R35: =$AB$1/P35 -> 300 | Y35: =$Y$1/R35 -> 3.3333333 | AB35: =$Y$1/R35 -> 3.3333333 | AE35: =$Y$1/R35 -> 3.3333333 | AH35: =$Y$1/R35 -> 3.3333333 | AK35: =$Y$1/R35 -> 3.3333333 | AN35: =$Y$1/R35 -> 3.3333333
B36: L | I36: 10034389 | N36: P002955 BBS Holder Rear Right GP | O36: =O35 -> 1
B37: L | H37: 30023050 | N37: P002622 Locking Slide Bend | O37: =O17 -> 1 | P37: 36 | Q37: SCEBEA02 | R37: =$AB$1/P37 -> 100 | Y37: =$Y$1/R37 -> 10 | AB37: =$Y$1/R37 -> 10 | AE37: =$Y$1/R37 -> 10 | AH37: =$Y$1/R37 -> 10 | AK37: =$Y$1/R37 -> 10 | AN37: =$Y$1/R37 -> 10
B38: L | I38: 30023145 | J38: Delete | N38: P002622 Locking Slide Laser | O38: =O37 -> 1 | P38: 8 | Q38: SCECUA04 | R38: 450 | Y38: 125 | AB38: 125 | AE38: 125 | AH38: 125 | AK38: 125 | AN38: 125
B39: L | J39: 10034294 | N39: P002622 Locking Slide GP | O39: =O37 -> 1
B40: L | H40: 30023053 | N40: P002626 Cover Support Spot | O40: =O17*2 -> 2 | P40: 32 | Q40: SCESGA01 | R40: =$AB$1/P40 -> 112.5 | Y40: =$Y$1/R40 -> 8.8888889 | AB40: =$Y$1/R40 -> 8.8888889 | AE40: =$Y$1/R40 -> 8.8888889 | AH40: =$Y$1/R40 -> 8.8888889 | AK40: =$Y$1/R40 -> 8.8888889 | AN40: =$Y$1/R40 -> 8.8888889
B41: L | I41: 30023051 | J41: Delete | N41: P002626 Cover Support Bend | O41: =O40 -> 2 | P41: 18 | Q41: SCEBEA02 | R41: =$AB$1/P41 -> 200 | Y41: =$Y$1/R41 -> 5 | AB41: =$Y$1/R41 -> 5 | AE41: =$Y$1/R41 -> 5 | AH41: =$Y$1/R41 -> 5 | AK41: =$Y$1/R41 -> 5 | AN41: =$Y$1/R41 -> 5
B42: L | J42: 30023052 | N42: P002626 Cover Support Press | O42: =O40 -> 2 | P42: 24 | Q42: SCESBA01 | R42: =$AB$1/P42 -> 150 | Y42: =$Y$1/R42 -> 6.6666667 | AB42: =$Y$1/R42 -> 6.6666667 | AE42: =$Y$1/R42 -> 6.6666667 | AH42: =$Y$1/R42 -> 6.6666667 | AK42: =$Y$1/R42 -> 6.6666667 | AN42: =$Y$1/R42 -> 6.6666667
B43: L | K43: 10034298 | N43: P002626 Cover Support GP | O43: =O42 -> 2
B44: L | F44: 30023054 | N44: P002742 Rear Lock Row Press | O44: =-O5 -> -1 | P44: 12 | Q44: SCESBA01 | R44: =$AB$1/P44 -> 300 | Y44: =$Y$1/R44 -> 3.3333333 | AB44: =$Y$1/R44 -> 3.3333333 | AE44: =$Y$1/R44 -> 3.3333333 | AH44: =$Y$1/R44 -> 3.3333333 | AK44: =$Y$1/R44 -> 3.3333333 | AN44: =$Y$1/R44 -> 3.3333333
B45: L | G45: 10030772 | N45: P002742 Rear Lock Row | O45: =O5 -> 1
B46: L | F46: 10011564 | N46: MA99002500 welding thread CO2 0.8(15kg) | O46: 0.02
B47: L | F47: 10025819 | N47: แก๊ส Co2 | O47: 0.001
B48: L | E48: 10034196 | N48: CM01000007 High gloss red powder | O48: 1.0320025
B49: L | E49: 10033352 | N49: FINE CLEANER T5008 | O49: 120.79295
B50: L | E50: 10033353 | N50: PREPALENE XG | O50: 5.3925424
B51: L | E51: 10033354 | N51: ADDITIVE 4977B | O51: 1.0785085
B52: L | E52: 10033355 | N52: PALBOND LT5103RF-1 | O52: 78.731119
B53: L | E53: 10033356 | N53: NEUTRALIZER 4055 | O53: 10.785085
B54: L | E54: 10033357 | N54: ACCELERATOR 131 | O54: 4.3140339
B55: L | D55: 30022139 | N55: U000434 Drawer Big(Left) Paint | O55: =O3*4 -> 4 | P55: 22.5 | Q55: SCECOA01 | R55: =$AB$1/P55 -> 160 | Y55: =$Y$1/R55 -> 6.25 | AB55: =$Y$1/R55 -> 6.25 | AE55: =$Y$1/R55 -> 6.25 | AH55: =$Y$1/R55 -> 6.25 | AK55: =$Y$1/R55 -> 6.25 | AN55: =$Y$1/R55 -> 6.25
B56: L | E56: 30022140 | N56: U000434 Drawer Big(Left) Spot | O56: =O55 -> 4 | P56: 110 | Q56: SCESGA01 | R56: =$AB$1/P56 -> 32.727273 | Y56: =$Y$1/R56 -> 30.555556 | AB56: =$Y$1/R56 -> 30.555556 | AE56: =$Y$1/R56 -> 30.555556 | AH56: =$Y$1/R56 -> 30.555556 | AK56: =$Y$1/R56 -> 30.555556 | AN56: =$Y$1/R56 -> 30.555556
B57: L | F57: 30022141 | N57: P002744 Drawer Body Big(Left) Bend | O57: =O56 -> 4 | P57: 36 | Q57: SCEBEA02 | R57: =$AB$1/P57 -> 100 | Y57: =$Y$1/R57 -> 10 | AB57: =$Y$1/R57 -> 10 | AE57: =$Y$1/R57 -> 10 | AH57: =$Y$1/R57 -> 10 | AK57: =$Y$1/R57 -> 10 | AN57: =$Y$1/R57 -> 10
B58: L | G58: 30022142 | N58: P002744 Drawer Body Big(Left) Press | O58: =O57 -> 4 | P58: 72 | Q58: SCESBA01 | R58: =$AB$1/P58 -> 50 | Y58: =$Y$1/R58 -> 20 | AB58: =$Y$1/R58 -> 20 | AE58: =$Y$1/R58 -> 20 | AH58: =$Y$1/R58 -> 20 | AK58: =$Y$1/R58 -> 20 | AN58: =$Y$1/R58 -> 20
B59: L | H59: 10030773 | N59: P002744 Drawer Body Big(Left) GP | O59: =O58 -> 4
B60: L | F60: 30023039 | N60: P002745 Drawer Handle Big(Left) Bend | O60: =O55 -> 4 | P60: 9 | Q60: SCEBEA02 | R60: =$AB$1/P60 -> 400 | Y60: =$Y$1/R60 -> 2.5 | AB60: =$Y$1/R60 -> 2.5 | AE60: =$Y$1/R60 -> 2.5 | AH60: =$Y$1/R60 -> 2.5 | AK60: =$Y$1/R60 -> 2.5 | AN60: =$Y$1/R60 -> 2.5
B61: L | G61: 30023040 | N61: P002745 Drawer Handle Big(Left) Press | O61: =O60 -> 4 | P61: 12 | Q61: SCESBA01 | R61: =$AB$1/P61 -> 300 | Y61: =$Y$1/R61 -> 3.3333333 | AB61: =$Y$1/R61 -> 3.3333333 | AE61: =$Y$1/R61 -> 3.3333333 | AH61: =$Y$1/R61 -> 3.3333333 | AK61: =$Y$1/R61 -> 3.3333333 | AN61: =$Y$1/R61 -> 3.3333333
B62: L | H62: 10030774 | N62: P002745 Drawer Handle Big(Left) GP | O62: =O61 -> 4
B63: L | F63: 30022146 | N63: P002746 Drawer Back Big(Left) Bend | O63: =O55 -> 4 | P63: 9 | Q63: SCEBEA02 | R63: =$AB$1/P63 -> 400 | Y63: =$Y$1/R63 -> 2.5 | AB63: =$Y$1/R63 -> 2.5 | AE63: =$Y$1/R63 -> 2.5 | AH63: =$Y$1/R63 -> 2.5 | AK63: =$Y$1/R63 -> 2.5 | AN63: =$Y$1/R63 -> 2.5
B64: L | G64: 10030775 | N64: P002746 Drawer Back Big(Left) GP | O64: =O55 -> 4
B65: L | E65: 10034196 | N65: CM01000007 High gloss red powder | O65: 0.12766504
B66: L | E66: 10033352 | N66: FINE CLEANER T5008 | O66: 14.942829
B67: L | E67: 10033353 | N67: PREPALENE XG | O67: 0.66709059
B68: L | E68: 10033354 | N68: ADDITIVE 4977B | O68: 0.13341812
B69: L | E69: 10033355 | N69: PALBOND LT5103RF-1 | O69: 9.7395226
B70: L | E70: 10033356 | N70: NEUTRALIZER 4055 | O70: 1.3341812
B71: L | E71: 10033357 | N71: ACCELERATOR 131 | O71: 0.53367247
B72: L | D72: 30022147 | N72: U000435 Drawer Middle Paint | O72: =O3*2 -> 2 | P72: 22.5 | Q72: SCECOA01 | R72: =$AB$1/P72 -> 160 | Y72: =$Y$1/R72 -> 6.25 | AB72: =$Y$1/R72 -> 6.25 | AE72: =$Y$1/R72 -> 6.25 | AH72: =$Y$1/R72 -> 6.25 | AK72: =$Y$1/R72 -> 6.25 | AN72: =$Y$1/R72 -> 6.25
B73: L | E73: 30022148 | N73: U000435 Drawer Middle Spot | O73: =O72 -> 2 | P73: 150 | Q73: SCESGA01 | R73: =$AB$1/P73 -> 24 | Y73: =$Y$1/R73 -> 41.666667 | AB73: =$Y$1/R73 -> 41.666667 | AE73: =$Y$1/R73 -> 41.666667 | AH73: =$Y$1/R73 -> 41.666667 | AK73: =$Y$1/R73 -> 41.666667 | AN73: =$Y$1/R73 -> 41.666667
B74: L | F74: 30022149 | N74: P002747 Drawer Body Middle Bend | O74: =O73 -> 2 | P74: 36 | Q74: SCEBEA02 | R74: =$AB$1/P74 -> 100 | Y74: =$Y$1/R74 -> 10 | AB74: =$Y$1/R74 -> 10 | AE74: =$Y$1/R74 -> 10 | AH74: =$Y$1/R74 -> 10 | AK74: =$Y$1/R74 -> 10 | AN74: =$Y$1/R74 -> 10
B75: L | G75: 30022150 | N75: P002747 Drawer Body Middle Press | O75: =O74 -> 2 | P75: 72 | Q75: SCESBA01 | R75: =$AB$1/P75 -> 50 | Y75: =$Y$1/R75 -> 20 | AB75: =$Y$1/R75 -> 20 | AE75: =$Y$1/R75 -> 20 | AH75: =$Y$1/R75 -> 20 | AK75: =$Y$1/R75 -> 20 | AN75: =$Y$1/R75 -> 20
B76: L | H76: 10030776 | N76: P002747 Drawer Body Middle GP | O76: =O75 -> 2
B77: L | F77: 30022151 | N77: P002748 Drawer Handle Middle Bend | O77: =O73 -> 2 | P77: 9 | Q77: SCEBEA02 | R77: =$AB$1/P77 -> 400 | Y77: =$Y$1/R77 -> 2.5 | AB77: =$Y$1/R77 -> 2.5 | AE77: =$Y$1/R77 -> 2.5 | AH77: =$Y$1/R77 -> 2.5 | AK77: =$Y$1/R77 -> 2.5 | AN77: =$Y$1/R77 -> 2.5
B78: L | G78: 30022152 | N78: P002748 Drawer Handle Middle Press | O78: =O73 -> 2 | P78: 12 | Q78: SCESBA01 | R78: =$AB$1/P78 -> 300 | Y78: =$Y$1/R78 -> 3.3333333 | AB78: =$Y$1/R78 -> 3.3333333 | AE78: =$Y$1/R78 -> 3.3333333 | AH78: =$Y$1/R78 -> 3.3333333 | AK78: =$Y$1/R78 -> 3.3333333 | AN78: =$Y$1/R78 -> 3.3333333
B79: L | H79: 10030777 | N79: P002748 Drawer Handle Middle GP | O79: =O73 -> 2
B80: L | F80: 30022154 | N80: P002749 Drawer Back Middle Bend | O80: =O73 -> 2 | P80: 9 | Q80: SCEBEA02 | R80: =$AB$1/P80 -> 400 | Y80: =$Y$1/R80 -> 2.5 | AB80: =$Y$1/R80 -> 2.5 | AE80: =$Y$1/R80 -> 2.5 | AH80: =$Y$1/R80 -> 2.5 | AK80: =$Y$1/R80 -> 2.5 | AN80: =$Y$1/R80 -> 2.5
B81: L | G81: 10030778 | N81: P002749 Drawer Back Middle GP | O81: =O73 -> 2
B82: L | E82: 10034196 | N82: CM01000007 High gloss red powder | O82: 0.16632081
B83: L | E83: 10033352 | N83: FINE CLEANER T5008 | O83: 19.467377
B84: L | E84: 10033353 | N84: PREPALENE XG | O84: 0.86907932
B85: L | E85: 10033354 | N85: ADDITIVE 4977B | O85: 0.17381586
B86: L | E86: 10033355 | N86: PALBOND LT5103RF-1 | O86: 12.688558
B87: L | E87: 10033356 | N87: NEUTRALIZER 4055 | O87: 1.7381586
B88: L | E88: 10033357 | N88: ACCELERATOR 131 | O88: 0.69526345
B89: L | D89: 30022155 | N89: U000436 Drawer Extra Big(Left) Paint | O89: =O3 -> 1 | P89: 22.5 | Q89: SCECOA01 | R89: =$AB$1/P89 -> 160 | Y89: =$Y$1/R89 -> 6.25 | AB89: =$Y$1/R89 -> 6.25 | AE89: =$Y$1/R89 -> 6.25 | AH89: =$Y$1/R89 -> 6.25 | AK89: =$Y$1/R89 -> 6.25 | AN89: =$Y$1/R89 -> 6.25
B90: L | E90: 30022156 | N90: U000436 Drawer Extra Big(Left) Spot | O90: =O89 -> 1 | P90: 150 | Q90: SCESGA01 | R90: =$AB$1/P90 -> 24 | Y90: =$Y$1/R90 -> 41.666667 | AB90: =$Y$1/R90 -> 41.666667 | AE90: =$Y$1/R90 -> 41.666667 | AH90: =$Y$1/R90 -> 41.666667 | AK90: =$Y$1/R90 -> 41.666667 | AN90: =$Y$1/R90 -> 41.666667
B91: L | F91: 30022157 | N91: P002750 Drawer Body Extra Big(Left) Bend | O91: =O90 -> 1 | P91: 36 | Q91: SCEBEA02 | R91: =$AB$1/P91 -> 100 | Y91: =$Y$1/R91 -> 10 | AB91: =$Y$1/R91 -> 10 | AE91: =$Y$1/R91 -> 10 | AH91: =$Y$1/R91 -> 10 | AK91: =$Y$1/R91 -> 10 | AN91: =$Y$1/R91 -> 10
B92: L | G92: 30022158 | N92: P002750 Drawer Body Extra Big(Left) Press | O92: =O91 -> 1 | P92: 72 | Q92: SCESBA01 | R92: =$AB$1/P92 -> 50 | Y92: =$Y$1/R92 -> 20 | AB92: =$Y$1/R92 -> 20 | AE92: =$Y$1/R92 -> 20 | AH92: =$Y$1/R92 -> 20 | AK92: =$Y$1/R92 -> 20 | AN92: =$Y$1/R92 -> 20
B93: L | H93: 10030779 | N93: P002750 Drawer Body Extra Big(Left) GP | O93: =O92 -> 1
F94: 30023081 | G94: Switch process to Press >> Bend | N94: P002751 Drawer Handle Extra Big(Left) Press | O94: =O90 -> 1 | P94: 12 | Q94: SCESBA01 | R94: =$AA$1/P94 -> 0 | X94: =$X$1/R94 -> #DIV/0! | AA94: =$X$1/R94 -> #DIV/0! | AD94: =$X$1/R94 -> #DIV/0! | AG94: =$X$1/R94 -> #DIV/0! | AJ94: =$X$1/R94 -> #DIV/0! | AM94: =$X$1/R94 -> #DIV/0!
G95: 30023080 | H95: Switch process to Press >> Bend | N95: P002751 Drawer Handle Extra Big(Left) Bend | O95: =O94 -> 1 | P95: 9 | Q95: SCEBEA02 | R95: =$AA$1/P95 -> 0 | X95: =$X$1/R95 -> #DIV/0! | AA95: =$X$1/R95 -> #DIV/0! | AD95: =$X$1/R95 -> #DIV/0! | AG95: =$X$1/R95 -> #DIV/0! | AJ95: =$X$1/R95 -> #DIV/0! | AM95: =$X$1/R95 -> #DIV/0!
H96: 10030780 | N96: P002751 Drawer Handle Extra Big(Left) GP | O96: =O95 -> 1
B97: L | F97: 30022162 | N97: P002752 Drawer Back Extra Big(Left) Bend | O97: =O89 -> 1 | P97: 9 | Q97: SCEBEA02 | R97: =$AB$1/P97 -> 400 | Y97: =$Y$1/R97 -> 2.5 | AB97: =$Y$1/R97 -> 2.5 | AE97: =$Y$1/R97 -> 2.5 | AH97: =$Y$1/R97 -> 2.5 | AK97: =$Y$1/R97 -> 2.5 | AN97: =$Y$1/R97 -> 2.5
B98: L | G98: 10030781 | N98: P002752 Drawer Back Extra Big(Left) GP | O98: =O90 -> 1
B99: L | E99: 10034196 | N99: CM01000007 High gloss red powder | O99: 0.17469575
B100: L | E100: 10033352 | N100: FINE CLEANER T5008 | O100: 20.44764
B101: L | E101: 10033353 | N101: PREPALENE XG | O101: 0.91284108
...

Sheet TC27 (16-7-2025) (2)
A1: NO | B1: Status | M1: Remark | N1: PART NAME (Geelong ) | O1: Q'TY | Q1: Work Center | R1: CT | S1: Alt. BOM | T1: Group Center | U1: Seq. | V1: Operation | W1: Group | Y1: 1000 | AB1: 3600
B3: L | C3: 40012178 | N3: TC-2707TSR | O3: 1 | P3: 22.5 | Q3: SCEASA01 | R3: =$AB$1/P3 -> 160 | Y3: 1 | AB3: 1 | AE3: 1 | AH3: 1 | AK3: 1 | AN3: 1
B4: L | D4: 30022112 | N4: U000433 Box Paint | O4: =O3 -> 1 | P4: 22.5 | Q4: SCECOA01 | R4: =$AB$1/P4 -> 160 | Y4: 1 | AB4: 1 | AE4: 1 | AH4: 1 | AK4: 1 | AN4: 1
B5: L | E5: 30022113 | N5: U000433 Box Weld | O5: =O4 -> 1 | P5: =180+60 -> 240 | Q5: SCEGWA01 | R5: =$AB$1/P5 -> 15 | Y5: 1 | AB5: 1 | AE5: 1 | AH5: 1 | AK5: 1 | AN5: 1
B6: L | F6: 30022114 | N6: U000433 Box Spot | O6: =O5 -> 1 | P6: =350/2 -> 175 | Q6: SCEHGA01 | R6: =$AB$1/P6 -> 20.571429 | Y6: 1 | AB6: 1 | AE6: 1 | AH6: 1 | AK6: 1 | AN6: 1
P7: =350/2 -> 175 | Q7: SCEHGA02 | R7: =$AB$1/P7 -> 20.571429 | Y7: 1 | AB7: 1 | AE7: 1 | AH7: 1 | AK7: 1 | AN7: 1
B8: L | G8: 30022115 | N8: P002732 Top Cover Spot | O8: =O6 -> 1 | P8: 10 | Q8: SCESGA07 | R8: =$AB$1/P8 -> 360 | Y8: 1 | AB8: 1 | AE8: 1 | AH8: 1 | AK8: 1 | AN8: 1
B9: L | H9: 30022116 | N9: P002732 Top Cover Bend | O9: =O8 -> 1 | P9: 18 | Q9: AMADA-HM1003 10 | R9: =$AB$1/P9 -> 200 | Y9: 1 | AB9: 1 | AE9: 1 | AH9: 1 | AK9: 1 | AN9: 1
B10: L | I10: 30022117 | N10: P002732 Top Cover IPC | O10: =O9 -> 1 | Y10: 1 | AB10: 1 | AE10: 1 | AH10: 1 | AK10: 1 | AN10: 1
B11: L | J11: 10030761 | N11: P002732 Top Cover GP | O11: =O10 -> 1 | Y11: 1 | AB11: 1 | AE11: 1 | AH11: 1 | AK11: 1 | AN11: 1
B12: L | H12: 10030762 | N12: P002571 Hook Holder GP | O12: =O8 -> 1 | Y12: 1 | AB12: 1 | AE12: 1 | AH12: 1 | AK12: 1 | AN12: 1
B13: L | G13: 30022119 | N13: P002733 Bottom Back Bend | O13: =O6 -> 1 | P13: 9 | Q13: AMADA-HM1003 9 | R13: =$AB$1/P13 -> 400 | Y13: 1 | AB13: 1 | AE13: 1 | AH13: 1 | AK13: 1 | AN13: 1
B14: L | H14: 30022120 | N14: P002733 Bottom Back IPC | O14: =O13 -> 1 | Y14: 1 | AB14: 1 | AE14: 1 | AH14: 1 | AK14: 1 | AN14: 1
B15: L | I15: 10030763 | N15: P002733 Bottom Back GP | O15: =O14 -> 1 | Y15: 1 | AB15: 1 | AE15: 1 | AH15: 1 | AK15: 1 | AN15: 1
B16: L | G16: 30022121 | N16: P002734 Bottom Cover Reinf Bend | O16: =O6*2 -> 2 | P16: 27 | Q16: AMADA-HM1003 4 | R16: =$AB$1/P16 -> 133.33333 | Y16: 1 | AB16: 1 | AE16: 1 | AH16: 1 | AK16: 1 | AN16: 1
B17: L | H17: 10030764 | N17: P002734 Bottom Cover Reinf GP | O17: =O16 -> 2 | Y17: 1 | AB17: 1 | AE17: 1 | AH17: 1 | AK17: 1 | AN17: 1
B18: L | G18: 30023058 | N18: P002951 Box Spot | O18: =O6 -> 1 | P18: =40+40 -> 80 | Q18: Spot 50KVA 2 | R18: =$AB$1/P18 -> 45 | Y18: 1 | AB18: 1 | AE18: 1 | AH18: 1 | AK18: 1 | AN18: 1
P19: =75+75 -> 150 | Q19: Spot 50KVA 3 | R19: =$AB$1/P19 -> 24 | Y19: 1 | AB19: 1 | AE19: 1 | AH19: 1 | AK19: 1 | AN19: 1
P20: =45+80 -> 125 | Q20: Spot 50KVA 5 | R20: =$AB$1/P20 -> 28.8 | Y20: 1 | AB20: 1 | AE20: 1 | AH20: 1 | AK20: 1 | AN20: 1
B21: L | H21: 30023056 | N21: P002951 Box Bend | O21: =O18 -> 1 | P21: 54 | Q21: TRUMPF-TruBend5130 | R21: =$AB$1/P21 -> 66.666667 | Y21: 1 | AB21: 1 | AE21: 1 | AH21: 1 | AK21: 1 | AN21: 1
B22: L | I22: 10034385 | N22: P002951 Box GP | O22: =O21 -> 1 | Y22: 1 | AB22: 1 | AE22: 1 | AH22: 1 | AK22: 1 | AN22: 1
B23: L | H23: 30023060 | N23: P002952 BBS Holder Front Left Spot | O23: =O18 -> 1 | P23: 50 | Q23: Spot 50KVA 4 | R23: =$AB$1/P23 -> 72 | Y23: 1 | AB23: 1 | AE23: 1 | AH23: 1 | AK23: 1 | AN23: 1
B24: L | I24: 30023059 | N24: P002952 BBS Holder Front Left Press | O24: =O23 -> 1 | P24: 12 | Q24: 110TON-Press 2 | R24: =$AB$1/P24 -> 300 | Y24: 1 | AB24: 1 | AE24: 1 | AH24: 1 | AK24: 1 | AN24: 1
B25: L | J25: 10034386 | N25: P002952 BBS Holder Front Left GP | O25: =O22 -> 1 | Y25: 1 | AB25: 1 | AE25: 1 | AH25: 1 | AK25: 1 | AN25: 1
B26: L | I26: 30023055 | N26: P002801 BBS Holder Front Reinf Bend | O26: =O23 -> 1 | P26: 18 | Q26: AMADA-HM1003 7 | R26: =$AB$1/P26 -> 200 | Y26: 1 | AB26: 1 | AE26: 1 | AH26: 1 | AK26: 1 | AN26: 1
B27: L | J27: 10030768 | N27: P002801 BBS Holder Front Reinf GP | O27: =O26 -> 1 | Y27: 1 | AB27: 1 | AE27: 1 | AH27: 1 | AK27: 1 | AN27: 1
B28: L | H28: 30023062 | N28: P002953 BBS Holder Front Right Spot | O28: =O18 -> 1 | P28: 50 | Q28: Spot 50KVA 4 | R28: =$AB$1/P28 -> 72 | Y28: 1 | AB28: 1 | AE28: 1 | AH28: 1 | AK28: 1 | AN28: 1
B29: L | I29: 30023061 | N29: P002953 BBS Holder Front Right Press | O29: =O28 -> 1 | P29: 12 | Q29: 110TON-Press 2 | R29: =$AB$1/P29 -> 300 | Y29: 1 | AB29: 1 | AE29: 1 | AH29: 1 | AK29: 1 | AN29: 1
B30: L | J30: 10034387 | N30: P002953 BBS Holder Front Right GP | O30: =O29 -> 1 | Y30: 1 | AB30: 1 | AE30: 1 | AH30: 1 | AK30: 1 | AN30: 1
B31: L | I31: 30023055 | N31: P002801 BBS Holder Front Reinf Bend | O31: =O28 -> 1 | P31: 18 | Q31: SCEBEA02 | R31: =$AB$1/P31 -> 200 | Y31: 1 | AB31: 1 | AE31: 1 | AH31: 1 | AK31: 1 | AN31: 1
B32: L | J32: 10030768 | N32: P002801 BBS Holder Front Reinf GP | O32: =O31 -> 1 | Y32: 1 | AB32: 1 | AE32: 1 | AH32: 1 | AK32: 1 | AN32: 1
B33: L | H33: 30023063 | N33: P002954 BBS Holder Rear Left Press | O33: =O18 -> 1 | P33: 12 | Q33: 110TON-Press 1 | R33: =$AB$1/P33 -> 300 | Y33: 1 | AB33: 1 | AE33: 1 | AH33: 1 | AK33: 1 | AN33: 1
B34: L | I34: 10034388 | N34: P002954 BBS Holder Rear Left GP | O34: =O33 -> 1 | Y34: 1 | AB34: 1 | AE34: 1 | AH34: 1 | AK34: 1 | AN34: 1
B35: L | H35: 30023064 | N35: P002955 BBS Holder Rear Right Press | O35: =O18 -> 1 | P35: 12 | Q35: 110TON-Press 1 | R35: =$AB$1/P35 -> 300 | Y35: 1 | AB35: 1 | AE35: 1 | AH35: 1 | AK35: 1 | AN35: 1
B36: L | I36: 10034389 | N36: P002955 BBS Holder Rear Right GP | O36: =O35 -> 1 | Y36: 1 | AB36: 1 | AE36: 1 | AH36: 1 | AK36: 1 | AN36: 1
B37: L | H37: 30023050 | N37: P002622 Locking Slide Bend | O37: =O18 -> 1 | P37: 36 | Q37: AMADA-HM1003 7 | R37: =$AB$1/P37 -> 100 | Y37: 1 | AB37: 1 | AE37: 1 | AH37: 1 | AK37: 1 | AN37: 1
B38: L | I38: 10034294 | N38: P002622 Locking Slide GP | O38: =O37 -> 1 | Y38: 1 | AB38: 1 | AE38: 1 | AH38: 1 | AK38: 1 | AN38: 1
B39: L | H39: 30023053 | N39: P002626 Cover Support Spot | O39: =O18*2 -> 2 | P39: 32 | Q39: SCESGA01 | R39: =$AB$1/P39 -> 112.5 | Y39: 1 | AB39: 1 | AE39: 1 | AH39: 1 | AK39: 1 | AN39: 1
B40: L | I40: 30023052 | N40: P002626 Cover Support Press | O40: =O39 -> 2 | P40: 24 | Q40: 110TON-Press 4 | R40: =$AB$1/P40 -> 150 | Y40: 1 | AB40: 1 | AE40: 1 | AH40: 1 | AK40: 1 | AN40: 1
Q41: 110TON-Press 5
B42: L | J42: 10034298 | N42: P002626 Cover Support GP | O42: =O40 -> 2 | Y42: 1 | AB42: 1 | AE42: 1 | AH42: 1 | AK42: 1 | AN42: 1
B43: L | F43: 30023054 | N43: P002742 Rear Lock Row Press | O43: =-O5 -> -1 | P43: 12 | Q43: 110TON-Press 3 | R43: =$AB$1/P43 -> 300 | Y43: 1 | AB43: 1 | AE43: 1 | AH43: 1 | AK43: 1 | AN43: 1
B44: L | G44: 10030772 | N44: P002742 Rear Lock Row | O44: =O5 -> 1 | Y44: 1 | AB44: 1 | AE44: 1 | AH44: 1 | AK44: 1 | AN44: 1
B45: L | F45: 10011564 | N45: MA99002500 welding thread CO2 0.8(15kg) | O45: 0.02 | Y45: 1 | AB45: 1 | AE45: 1 | AH45: 1 | AK45: 1 | AN45: 1
B46: L | F46: 10025819 | N46: แก๊ส Co2 | O46: 0.001 | Y46: 1 | AB46: 1 | AE46: 1 | AH46: 1 | AK46: 1 | AN46: 1
B47: L | E47: 10034196 | N47: CM01000007 High gloss red powder | O47: 1.0320025 | Y47: 1 | AB47: 1 | AE47: 1 | AH47: 1 | AK47: 1 | AN47: 1
B48: L | E48: 10033352 | N48: FINE CLEANER T5008 | O48: 120.79295 | Y48: 1 | AB48: 1 | AE48: 1 | AH48: 1 | AK48: 1 | AN48: 1
B49: L | E49: 10033353 | N49: PREPALENE XG | O49: 5.3925424 | Y49: 1 | AB49: 1 | AE49: 1 | AH49: 1 | AK49: 1 | AN49: 1
B50: L | E50: 10033354 | N50: ADDITIVE 4977B | O50: 1.0785085 | Y50: 1 | AB50: 1 | AE50: 1 | AH50: 1 | AK50: 1 | AN50: 1
B51: L | E51: 10033355 | N51: PALBOND LT5103RF-1 | O51: 78.731119 | Y51: 1 | AB51: 1 | AE51: 1 | AH51: 1 | AK51: 1 | AN51: 1
B52: L | E52: 10033356 | N52: NEUTRALIZER 4055 | O52: 10.785085 | Y52: 1 | AB52: 1 | AE52: 1 | AH52: 1 | AK52: 1 | AN52: 1
B53: L | E53: 10033357 | N53: ACCELERATOR 131 | O53: 4.3140339 | Y53: 1 | AB53: 1 | AE53: 1 | AH53: 1 | AK53: 1 | AN53: 1
B54: L | D54: 30022139 | N54: U000434 Drawer Big(Left) Paint | O54: =O3*4 -> 4 | P54: 22.5 | Q54: SCECOA01 | R54: =$AB$1/P54 -> 160 | Y54: 1 | AB54: 1 | AE54: 1 | AH54: 1 | AK54: 1 | AN54: 1
B55: L | E55: 30022140 | N55: U000434 Drawer Big(Left) Spot | O55: =O54 -> 4 | P55: 55 | Q55: Spot 35KVA 1 | R55: =$AB$1/P55 -> 65.454545 | Y55: 1 | AB55: 1 | AE55: 1 | AH55: 1 | AK55: 1 | AN55: 1
P56: 55 | Q56: Spot 35KVA 2 | R56: =$AB$1/P56 -> 65.454545
B57: L | F57: 30022141 | N57: P002744 Drawer Body Big(Left) Bend | O57: =O55 -> 4 | P57: 36 | Q57: AMADA-HM1003 1 | R57: =$AB$1/P57 -> 100 | Y57: 1 | AB57: 1 | AE57: 1 | AH57: 1 | AK57: 1 | AN57: 1
B58: L | G58: 30022142 | N58: P002744 Drawer Body Big(Left) Press | O58: =O57 -> 4 | P58: 72 | Q58: 110TON-Press 10 | R58: =$AB$1/P58 -> 50 | Y58: 1 | AB58: 1 | AE58: 1 | AH58: 1 | AK58: 1 | AN58: 1
Q59: 110TON-Press 11
B60: L | H60: 10030773 | N60: P002744 Drawer Body Big(Left) GP | O60: =O58 -> 4 | Y60: 1 | AB60: 1 | AE60: 1 | AH60: 1 | AK60: 1 | AN60: 1
B61: L | F61: 30023039 | N61: P002745 Drawer Handle Big(Left) Bend | O61: =O54 -> 4 | P61: 9 | Q61: TRUMPF-TruBend1100 | R61: =$AB$1/P61 -> 400 | Y61: 1 | AB61: 1 | AE61: 1 | AH61: 1 | AK61: 1 | AN61: 1
B62: L | G62: 30023040 | N62: P002745 Drawer Handle Big(Left) Press | O62: =O61 -> 4 | P62: 12 | Q62: 110TON-Press 9 | R62: =$AB$1/P62 -> 300 | Y62: 1 | AB62: 1 | AE62: 1 | AH62: 1 | AK62: 1 | AN62: 1
B63: L | H63: 10030774 | N63: P002745 Drawer Handle Big(Left) GP | O63: =O62 -> 4 | Y63: 1 | AB63: 1 | AE63: 1 | AH63: 1 | AK63: 1 | AN63: 1
B64: L | F64: 30022146 | N64: P002746 Drawer Back Big(Left) Bend | O64: =O54 -> 4 | P64: 9 | Q64: TRUMPF-TruBend1100 2 | R64: =$AB$1/P64 -> 400 | Y64: 1 | AB64: 1 | AE64: 1 | AH64: 1 | AK64: 1 | AN64: 1
B65: L | G65: 10030775 | N65: P002746 Drawer Back Big(Left) GP | O65: =O54 -> 4 | Y65: 1 | AB65: 1 | AE65: 1 | AH65: 1 | AK65: 1 | AN65: 1
B66: L | E66: 10034196 | N66: CM01000007 High gloss red powder | O66: 0.12766504 | Y66: 1 | AB66: 1 | AE66: 1 | AH66: 1 | AK66: 1 | AN66: 1
B67: L | E67: 10033352 | N67: FINE CLEANER T5008 | O67: 14.942829 | Y67: 1 | AB67: 1 | AE67: 1 | AH67: 1 | AK67: 1 | AN67: 1
B68: L | E68: 10033353 | N68: PREPALENE XG | O68: 0.66709059 | Y68: 1 | AB68: 1 | AE68: 1 | AH68: 1 | AK68: 1 | AN68: 1
B69: L | E69: 10033354 | N69: ADDITIVE 4977B | O69: 0.13341812 | Y69: 1 | AB69: 1 | AE69: 1 | AH69: 1 | AK69: 1 | AN69: 1
B70: L | E70: 10033355 | N70: PALBOND LT5103RF-1 | O70: 9.7395226 | Y70: 1 | AB70: 1 | AE70: 1 | AH70: 1 | AK70: 1 | AN70: 1
B71: L | E71: 10033356 | N71: NEUTRALIZER 4055 | O71: 1.3341812 | Y71: 1 | AB71: 1 | AE71: 1 | AH71: 1 | AK71: 1 | AN71: 1
B72: L | E72: 10033357 | N72: ACCELERATOR 131 | O72: 0.53367247 | Y72: 1 | AB72: 1 | AE72: 1 | AH72: 1 | AK72: 1 | AN72: 1
B73: L | D73: 30022147 | N73: U000435 Drawer Middle Paint | O73: =O3*2 -> 2 | P73: 22.5 | Q73: SCECOA01 | R73: =$AB$1/P73 -> 160 | Y73: 1 | AB73: 1 | AE73: 1 | AH73: 1 | AK73: 1 | AN73: 1
B74: L | E74: 30022148 | N74: U000435 Drawer Middle Spot | O74: =O73 -> 2 | P74: 150 | Q74: SCESGA01 | R74: =$AB$1/P74 -> 24 | Y74: 1 | AB74: 1 | AE74: 1 | AH74: 1 | AK74: 1 | AN74: 1
B75: L | F75: 30022149 | N75: P002747 Drawer Body Middle Bend | O75: =O74 -> 2 | P75: 36 | Q75: OTI-Panel Bend | R75: =$AB$1/P75 -> 100 | Y75: 1 | AB75: 1 | AE75: 1 | AH75: 1 | AK75: 1 | AN75: 1
B76: L | G76: 30022150 | N76: P002747 Drawer Body Middle Press | O76: =O75 -> 2 | P76: 72 | Q76: 110TON-Press 10 | R76: =$AB$1/P76 -> 50 | Y76: 1 | AB76: 1 | AE76: 1 | AH76: 1 | AK76: 1 | AN76: 1
Q77: 110TON-Press 11
B78: L | H78: 10030776 | N78: P002747 Drawer Body Middle GP | O78: =O76 -> 2 | Y78: 1 | AB78: 1 | AE78: 1 | AH78: 1 | AK78: 1 | AN78: 1
B79: L | F79: 30022151 | N79: P002748 Drawer Handle Middle Bend | O79: =O74 -> 2 | P79: 9 | Q79: TRUMPF-TruBend1100 | R79: =$AB$1/P79 -> 400 | Y79: 1 | AB79: 1 | AE79: 1 | AH79: 1 | AK79: 1 | AN79: 1
B80: L | G80: 30022152 | N80: P002748 Drawer Handle Middle Press | O80: =O74 -> 2 | P80: 12 | Q80: 110TON-Press 9 | R80: =$AB$1/P80 -> 300 | Y80: 1 | AB80: 1 | AE80: 1 | AH80: 1 | AK80: 1 | AN80: 1
B81: L | H81: 10030777 | N81: P002748 Drawer Handle Middle GP | O81: =O74 -> 2 | Y81: 1 | AB81: 1 | AE81: 1 | AH81: 1 | AK81: 1 | AN81: 1
B82: L | F82: 30022154 | N82: P002749 Drawer Back Middle Bend | O82: =O74 -> 2 | P82: 9 | Q82: TRUMPF-TruBend1100 2 | R82: =$AB$1/P82 -> 400 | Y82: 1 | AB82: 1 | AE82: 1 | AH82: 1 | AK82: 1 | AN82: 1
B83: L | G83: 10030778 | N83: P002749 Drawer Back Middle GP | O83: =O74 -> 2 | Y83: 1 | AB83: 1 | AE83: 1 | AH83: 1 | AK83: 1 | AN83: 1
B84: L | E84: 10034196 | N84: CM01000007 High gloss red powder | O84: 0.16632081 | Y84: 1 | AB84: 1 | AE84: 1 | AH84: 1 | AK84: 1 | AN84: 1
B85: L | E85: 10033352 | N85: FINE CLEANER T5008 | O85: 19.467377 | Y85: 1 | AB85: 1 | AE85: 1 | AH85: 1 | AK85: 1 | AN85: 1
B86: L | E86: 10033353 | N86: PREPALENE XG | O86: 0.86907932 | Y86: 1 | AB86: 1 | AE86: 1 | AH86: 1 | AK86: 1 | AN86: 1
B87: L | E87: 10033354 | N87: ADDITIVE 4977B | O87: 0.17381586 | Y87: 1 | AB87: 1 | AE87: 1 | AH87: 1 | AK87: 1 | AN87: 1
B88: L | E88: 10033355 | N88: PALBOND LT5103RF-1 | O88: 12.688558 | Y88: 1 | AB88: 1 | AE88: 1 | AH88: 1 | AK88: 1 | AN88: 1
B89: L | E89: 10033356 | N89: NEUTRALIZER 4055 | O89: 1.7381586 | Y89: 1 | AB89: 1 | AE89: 1 | AH89: 1 | AK89: 1 | AN89: 1
B90: L | E90: 10033357 | N90: ACCELERATOR 131 | O90: 0.69526345 | Y90: 1 | AB90: 1 | AE90: 1 | AH90: 1 | AK90: 1 | AN90: 1
B91: L | D91: 30022155 | N91: U000436 Drawer Extra Big(Left) Paint | O91: =O3 -> 1 | P91: 22.5 | Q91: SCECOA01 | R91: =$AB$1/P91 -> 160 | Y91: 1 | AB91: 1 | AE91: 1 | AH91: 1 | AK91: 1 | AN91: 1
B92: L | E92: 30022156 | N92: U000436 Drawer Extra Big(Left) Spot | O92: =O91 -> 1 | P92: 75 | Q92: Spot 35KVA 5 | R92: =$AB$1/P92 -> 48 | Y92: 1 | AB92: 1 | AE92: 1 | AH92: 1 | AK92: 1 | AN92: 1
P93: 75 | Q93: Spot 35KVA 6 | R93: =$AB$1/P93 -> 48
B94: L | F94: 30022157 | N94: P002750 Drawer Body Extra Big(Left) Bend | O94: =O92 -> 1 | P94: 36 | Q94: TRUMPF-TruBend5130 | R94: =$AB$1/P94 -> 100 | Y94: 1 | AB94: 1 | AE94: 1 | AH94: 1 | AK94: 1 | AN94: 1
B95: L | G95: 30022158 | N95: P002750 Drawer Body Extra Big(Left) Press | O95: =O94 -> 1 | P95: 72 | Q95: 110TON-Press 10 | R95: =$AB$1/P95 -> 50 | Y95: 1 | AB95: 1 | AE95: 1 | AH95: 1 | AK95: 1 | AN95: 1
Q96: 110TON-Press 11
B97: L | H97: 10030779 | N97: P002750 Drawer Body Extra Big(Left) GP | O97: =O95 -> 1 | Y97: 1 | AB97: 1 | AE97: 1 | AH97: 1 | AK97: 1 | AN97: 1
F98: 30023081 | N98: P002751 Drawer Handle Extra Big(Left) Bend | O98: =O99 -> 1 | P98: 9 | Q98: TRUMPF-TruBend1100 | R98: =$Y$1/P98 -> 111.11111 | X98: =$X$1/R98 -> 0 | Y98: 1 | AB98: 1 | AE98: 1 | AH98: 1 | AK98: 1 | AM98: =$X$1/R98 -> 0 | AN98: 1
G99: 30023080 | N99: P002751 Drawer Handle Extra Big(Left) Press | O99: =O92 -> 1 | P99: 12 | Q99: 110TON-Press 9 | R99: =$Y$1/P99 -> 83.333333 | X99: =$X$1/R99 -> 0 | Y99: 1 | AB99: 1 | AE99: 1 | AH99: 1 | AK99: 1 | AM99: =$X$1/R99 -> 0 | AN99: 1
H100: 10030780 | N100: P002751 Drawer Handle Extra Big(Left) GP | O100: =O98 -> 1 | Y100: 1 | AB100: 1 | AE100: 1 | AH100: 1 | AK100: 1 | AN100: 1
B101: L | F101: 30022162 | N101: P002752 Drawer Back Extra Big(Left) Bend | O101: =O91 -> 1 | P101: 9 | Q101: TRUMPF-TruBend1100 2 | R101: =$AB$1/P101 -> 400 | Y101: 1 | AB101: 1 | AE101: 1 | AH101: 1 | AK101: 1 | AN101: 1
...

Sheet TC27BLK
A1: NO | B1: Status | M1: Remark | N1: PART NAME (Geelong ) | O1: Q'TY | Q1: Work Center | R1: CT | S1: Alt. BOM | T1: Group Center | U1: Seq. | V1: Operation | W1: Group | Y1: 1000 | AB1: 3600
B3: L | C3: 40013806 | N3: TC-2707TSBLK | O3: 1 | P3: 22.5 | Q3: SCEASA01 | R3: 37.5 | Y3: 1 | AB3: 1 | AE3: 1 | AH3: 1 | AK3: 1 | AN3: 1
B4: L | D4: 30023552 | N4: U000433BLK Box Paint | O4: =O3 -> 1 | P4: 22.5 | Q4: SCECOA01 | R4: =$AB$1/P4 -> 160 | Y4: =$Y$1/R4 -> 6.25 | AB4: =$Y$1/R4 -> 6.25 | AE4: =$Y$1/R4 -> 6.25 | AH4: =$Y$1/R4 -> 6.25 | AK4: =$Y$1/R4 -> 6.25 | AN4: =$Y$1/R4 -> 6.25
B5: L | E5: 30022113 | N5: U000433 Box Weld | O5: =O4 -> 1 | P5: =180+60 -> 240 | Q5: SCEGWA01 | R5: =$AB$1/P5 -> 15 | Y5: =$Y$1/R5 -> 66.666667 | AB5: =$Y$1/R5 -> 66.666667 | AE5: =$Y$1/R5 -> 66.666667 | AH5: =$Y$1/R5 -> 66.666667 | AK5: =$Y$1/R5 -> 66.666667 | AN5: =$Y$1/R5 -> 66.666667
B6: L | F6: 30022114 | N6: U000433 Box Spot | O6: =O5 -> 1 | P6: =350 -> 350 | Q6: SCESGA01 | R6: =$AB$1/P6 -> 10.285714 | Y6: =$Y$1/R6 -> 97.222222 | AB6: =$Y$1/R6 -> 97.222222 | AE6: =$Y$1/R6 -> 97.222222 | AH6: =$Y$1/R6 -> 97.222222 | AK6: =$Y$1/R6 -> 97.222222 | AN6: =$Y$1/R6 -> 97.222222
B7: L | G7: 30022115 | N7: P002732 Top Cover Spot | O7: =O6 -> 1 | P7: 10 | Q7: SCESGA01 | R7: =$AB$1/P7 -> 360 | Y7: =$Y$1/R7 -> 2.7777778 | AB7: =$Y$1/R7 -> 2.7777778 | AE7: =$Y$1/R7 -> 2.7777778 | AH7: =$Y$1/R7 -> 2.7777778 | AK7: =$Y$1/R7 -> 2.7777778 | AN7: =$Y$1/R7 -> 2.7777778
B8: L | H8: 30022116 | N8: P002732 Top Cover Bend | O8: =O7 -> 1 | P8: 18 | Q8: SCEBEA02 | R8: =$AB$1/P8 -> 200 | Y8: =$Y$1/R8 -> 5 | AB8: =$Y$1/R8 -> 5 | AE8: =$Y$1/R8 -> 5 | AH8: =$Y$1/R8 -> 5 | AK8: =$Y$1/R8 -> 5 | AN8: =$Y$1/R8 -> 5
B9: L | I9: 30022117 | N9: P002732 Top Cover IPC | O9: =O8 -> 1
B10: L | J10: 10030761 | N10: P002732 Top Cover GP | O10: =O9 -> 1
B11: L | H11: 10030762 | N11: P002571 Hook Holder GP | O11: =O7 -> 1
B12: L | G12: 30022119 | N12: P002733 Bottom Back Bend | O12: =O6 -> 1 | P12: 9 | Q12: SCEBEA02 | R12: =$AB$1/P12 -> 400 | Y12: =$Y$1/R12 -> 2.5 | AB12: =$Y$1/R12 -> 2.5 | AE12: =$Y$1/R12 -> 2.5 | AH12: =$Y$1/R12 -> 2.5 | AK12: =$Y$1/R12 -> 2.5 | AN12: =$Y$1/R12 -> 2.5
B13: L | H13: 30022120 | N13: P002733 Bottom Back IPC | O13: =O12 -> 1
B14: L | I14: 10030763 | N14: P002733 Bottom Back GP | O14: =O13 -> 1
B15: L | G15: 30022121 | N15: P002734 Bottom Cover Reinf Bend | O15: =O6*2 -> 2 | P15: 27 | Q15: SCEBEA02 | R15: =$AB$1/P15 -> 133.33333 | Y15: =$Y$1/R15 -> 7.5 | AB15: =$Y$1/R15 -> 7.5 | AE15: =$Y$1/R15 -> 7.5 | AH15: =$Y$1/R15 -> 7.5 | AK15: =$Y$1/R15 -> 7.5 | AN15: =$Y$1/R15 -> 7.5
B16: L | H16: 10030764 | N16: P002734 Bottom Cover Reinf GP | O16: =O15 -> 2
B17: L | G17: 30023058 | N17: P002951 Box Spot | O17: =O6 -> 1 | P17: =40+40+75+75+45+80 -> 355 | Q17: SCESGA01 | R17: =$AB$1/P17 -> 10.140845 | Y17: =$Y$1/R17 -> 98.611111 | AB17: =$Y$1/R17 -> 98.611111 | AE17: =$Y$1/R17 -> 98.611111 | AH17: =$Y$1/R17 -> 98.611111 | AK17: =$Y$1/R17 -> 98.611111 | AN17: =$Y$1/R17 -> 98.611111
B18: L | H18: 30023056 | N18: P002951 Box Bend | O18: =O17 -> 1 | P18: 54 | Q18: SCESBA01 | R18: =$AB$1/P18 -> 66.666667 | Y18: =$Y$1/R18 -> 15 | AB18: =$Y$1/R18 -> 15 | AE18: =$Y$1/R18 -> 15 | AH18: =$Y$1/R18 -> 15 | AK18: =$Y$1/R18 -> 15 | AN18: =$Y$1/R18 -> 15
B19: L | I19: 30023057 | N19: P002951 Box Press | O19: =O17 -> 1 | P19: 24 | Q19: SCESBA01 | R19: =$AB$1/P19 -> 150 | Y19: =$Y$1/R19 -> 6.6666667 | AB19: =$Y$1/R19 -> 6.6666667 | AE19: =$Y$1/R19 -> 6.6666667 | AH19: =$Y$1/R19 -> 6.6666667 | AK19: =$Y$1/R19 -> 6.6666667 | AN19: =$Y$1/R19 -> 6.6666667
B20: L | J20: 10034385 | N20: P002951 Box GP | O20: =O19 -> 1
B21: L | H21: 30023060 | N21: P002952 BBS Holder Front Left Spot | O21: =O17 -> 1 | P21: 50 | Q21: SCESGA01 | R21: =$AB$1/P21 -> 72 | Y21: =$Y$1/R21 -> 13.888889 | AB21: =$Y$1/R21 -> 13.888889 | AE21: =$Y$1/R21 -> 13.888889 | AH21: =$Y$1/R21 -> 13.888889 | AK21: =$Y$1/R21 -> 13.888889 | AN21: =$Y$1/R21 -> 13.888889
B22: L | I22: 30023059 | N22: P002952 BBS Holder Front Left Press | O22: =O19 -> 1 | P22: 12 | Q22: SCESBA01 | R22: =$AB$1/P22 -> 300 | Y22: =$Y$1/R22 -> 3.3333333 | AB22: =$Y$1/R22 -> 3.3333333 | AE22: =$Y$1/R22 -> 3.3333333 | AH22: =$Y$1/R22 -> 3.3333333 | AK22: =$Y$1/R22 -> 3.3333333 | AN22: =$Y$1/R22 -> 3.3333333
B23: L | J23: 10034386 | N23: P002952 BBS Holder Front Left GP | O23: =O20 -> 1
B24: L | I24: 30023055 | N24: P002801 BBS Holder Front Reinf Bend | O24: =O21 -> 1 | P24: 18 | Q24: SCEBEA02 | R24: =$AB$1/P24 -> 200 | Y24: =$Y$1/R24 -> 5 | AB24: =$Y$1/R24 -> 5 | AE24: =$Y$1/R24 -> 5 | AH24: =$Y$1/R24 -> 5 | AK24: =$Y$1/R24 -> 5 | AN24: =$Y$1/R24 -> 5
B25: L | J25: 30022130 | N25: P002801 BBS Holder Front Reinf Laser | O25: =O24 -> 1 | P25: 13 | Q25: SCECUA04 | R25: =$AB$1/P25 -> 276.92308 | Y25: =$Y$1/R25 -> 3.6111111 | AB25: =$Y$1/R25 -> 3.6111111 | AE25: =$Y$1/R25 -> 3.6111111 | AH25: =$Y$1/R25 -> 3.6111111 | AK25: =$Y$1/R25 -> 3.6111111 | AN25: =$Y$1/R25 -> 3.6111111
B26: L | K26: 10030768 | N26: P002801 BBS Holder Front Reinf GP | O26: =O25 -> 1
B27: L | H27: 30023062 | N27: P002953 BBS Holder Front Right Spot | O27: =O19 -> 1 | P27: 50 | Q27: SCESGA01 | R27: =$AB$1/P27 -> 72 | Y27: =$Y$1/R27 -> 13.888889 | AB27: =$Y$1/R27 -> 13.888889 | AE27: =$Y$1/R27 -> 13.888889 | AH27: =$Y$1/R27 -> 13.888889 | AK27: =$Y$1/R27 -> 13.888889 | AN27: =$Y$1/R27 -> 13.888889
B28: L | I28: 30023061 | N28: P002953 BBS Holder Front Right Press | O28: =O27 -> 1 | P28: 12 | Q28: SCESBA01 | R28: =$AB$1/P28 -> 300 | Y28: =$Y$1/R28 -> 3.3333333 | AB28: =$Y$1/R28 -> 3.3333333 | AE28: =$Y$1/R28 -> 3.3333333 | AH28: =$Y$1/R28 -> 3.3333333 | AK28: =$Y$1/R28 -> 3.3333333 | AN28: =$Y$1/R28 -> 3.3333333
B29: L | J29: 10034387 | N29: P002953 BBS Holder Front Right GP | O29: =O28 -> 1
B30: L | I30: 30023055 | N30: P002801 BBS Holder Front Reinf Bend | O30: =O27 -> 1 | P30: 18 | Q30: SCEBEA02 | R30: =$AB$1/P30 -> 200 | Y30: =$Y$1/R30 -> 5 | AB30: =$Y$1/R30 -> 5 | AE30: =$Y$1/R30 -> 5 | AH30: =$Y$1/R30 -> 5 | AK30: =$Y$1/R30 -> 5 | AN30: =$Y$1/R30 -> 5
B31: L | J31: 30022130 | N31: P002801 BBS Holder Front Reinf Laser | O31: =O30 -> 1 | P31: 13 | Q31: SCECUA04 | R31: =$AB$1/P31 -> 276.92308 | Y31: =$Y$1/R31 -> 3.6111111 | AB31: =$Y$1/R31 -> 3.6111111 | AE31: =$Y$1/R31 -> 3.6111111 | AH31: =$Y$1/R31 -> 3.6111111 | AK31: =$Y$1/R31 -> 3.6111111 | AN31: =$Y$1/R31 -> 3.6111111
B32: L | K32: 10030768 | N32: P002801 BBS Holder Front Reinf GP | O32: =O31 -> 1
B33: L | H33: 30023063 | N33: P002954 BBS Holder Rear Left Press | O33: =O17 -> 1 | P33: 12 | Q33: SCESBA01 | R33: =$AB$1/P33 -> 300 | Y33: =$Y$1/R33 -> 3.3333333 | AB33: =$Y$1/R33 -> 3.3333333 | AE33: =$Y$1/R33 -> 3.3333333 | AH33: =$Y$1/R33 -> 3.3333333 | AK33: =$Y$1/R33 -> 3.3333333 | AN33: =$Y$1/R33 -> 3.3333333
B34: L | I34: 10034388 | N34: P002954 BBS Holder Rear Left GP | O34: =O33 -> 1
B35: L | H35: 30023064 | N35: P002955 BBS Holder Rear Right Press | O35: =O19 -> 1 | P35: 12 | Q35: SCESBA01 | R35: =$AB$1/P35 -> 300 | Y35: =$Y$1/R35 -> 3.3333333 | AB35: =$Y$1/R35 -> 3.3333333 | AE35: =$Y$1/R35 -> 3.3333333 | AH35: =$Y$1/R35 -> 3.3333333 | AK35: =$Y$1/R35 -> 3.3333333 | AN35: =$Y$1/R35 -> 3.3333333
B36: L | I36: 10034389 | N36: P002955 BBS Holder Rear Right GP | O36: =O35 -> 1
B37: L | H37: 30023050 | N37: P002622 Locking Slide Bend | O37: =O17 -> 1 | P37: 36 | Q37: SCEBEA02 | R37: =$AB$1/P37 -> 100 | Y37: =$Y$1/R37 -> 10 | AB37: =$Y$1/R37 -> 10 | AE37: =$Y$1/R37 -> 10 | AH37: =$Y$1/R37 -> 10 | AK37: =$Y$1/R37 -> 10 | AN37: =$Y$1/R37 -> 10
B38: L | I38: 30023145 | N38: P002622 Locking Slide Laser | O38: =O37 -> 1 | P38: 8 | Q38: SCECUA04 | R38: 450 | Y38: 125 | AB38: 125 | AE38: 125 | AH38: 125 | AK38: 125 | AN38: 125
B39: L | J39: 10034294 | N39: P002622 Locking Slide GP | O39: =O37 -> 1
B40: L | H40: 30023053 | N40: P002626 Cover Support Spot | O40: =O17*2 -> 2 | P40: 32 | Q40: SCESGA01 | R40: =$AB$1/P40 -> 112.5 | Y40: =$Y$1/R40 -> 8.8888889 | AB40: =$Y$1/R40 -> 8.8888889 | AE40: =$Y$1/R40 -> 8.8888889 | AH40: =$Y$1/R40 -> 8.8888889 | AK40: =$Y$1/R40 -> 8.8888889 | AN40: =$Y$1/R40 -> 8.8888889
B41: L | I41: 30023051 | N41: P002626 Cover Support Bend | O41: =O40 -> 2 | P41: 18 | Q41: SCEBEA02 | R41: =$AB$1/P41 -> 200 | Y41: =$Y$1/R41 -> 5 | AB41: =$Y$1/R41 -> 5 | AE41: =$Y$1/R41 -> 5 | AH41: =$Y$1/R41 -> 5 | AK41: =$Y$1/R41 -> 5 | AN41: =$Y$1/R41 -> 5
B42: L | J42: 30023052 | N42: P002626 Cover Support Press | O42: =O40 -> 2 | P42: 24 | Q42: SCESBA01 | R42: =$AB$1/P42 -> 150 | Y42: =$Y$1/R42 -> 6.6666667 | AB42: =$Y$1/R42 -> 6.6666667 | AE42: =$Y$1/R42 -> 6.6666667 | AH42: =$Y$1/R42 -> 6.6666667 | AK42: =$Y$1/R42 -> 6.6666667 | AN42: =$Y$1/R42 -> 6.6666667
B43: L | K43: 10034298 | N43: P002626 Cover Support GP | O43: =O42 -> 2
B44: L | F44: 30023054 | N44: P002742 Rear Lock Row Press | O44: =-O5 -> -1 | P44: 12 | Q44: SCESBA01 | R44: =$AB$1/P44 -> 300 | Y44: =$Y$1/R44 -> 3.3333333 | AB44: =$Y$1/R44 -> 3.3333333 | AE44: =$Y$1/R44 -> 3.3333333 | AH44: =$Y$1/R44 -> 3.3333333 | AK44: =$Y$1/R44 -> 3.3333333 | AN44: =$Y$1/R44 -> 3.3333333
B45: L | G45: 10030772 | N45: P002742 Rear Lock Row | O45: =O5 -> 1
B46: L | F46: 10011564 | N46: MA99002500 welding thread CO2 0.8(15kg) | O46: 0.02
B47: L | F47: 10025819 | N47: แก๊ส Co2 | O47: 0.001
B48: L | E48: 10034231 | N48: CM01000007 High gloss black powder | O48: 1.0320025
B49: L | E49: 10033352 | N49: FINE CLEANER T5008 | O49: 120.79295
B50: L | E50: 10033353 | N50: PREPALENE XG | O50: 5.3925424
B51: L | E51: 10033354 | N51: ADDITIVE 4977B | O51: 1.0785085
B52: L | E52: 10033355 | N52: PALBOND LT5103RF-1 | O52: 78.731119
B53: L | E53: 10033356 | N53: NEUTRALIZER 4055 | O53: 10.785085
B54: L | E54: 10033357 | N54: ACCELERATOR 131 | O54: 4.3140339
B55: L | D55: 30023553 | N55: U000434BLK Drawer Big(Left) Paint | O55: =O3*4 -> 4 | P55: 22.5 | Q55: SCECOA01 | R55: =$AB$1/P55 -> 160 | Y55: =$Y$1/R55 -> 6.25 | AB55: =$Y$1/R55 -> 6.25 | AE55: =$Y$1/R55 -> 6.25 | AH55: =$Y$1/R55 -> 6.25 | AK55: =$Y$1/R55 -> 6.25 | AN55: =$Y$1/R55 -> 6.25
B56: L | E56: 30022140 | N56: U000434 Drawer Big(Left) Spot | O56: =O55 -> 4 | P56: 110 | Q56: SCESGA01 | R56: =$AB$1/P56 -> 32.727273 | Y56: =$Y$1/R56 -> 30.555556 | AB56: =$Y$1/R56 -> 30.555556 | AE56: =$Y$1/R56 -> 30.555556 | AH56: =$Y$1/R56 -> 30.555556 | AK56: =$Y$1/R56 -> 30.555556 | AN56: =$Y$1/R56 -> 30.555556
B57: L | F57: 30022141 | N57: P002744 Drawer Body Big(Left) Bend | O57: =O56 -> 4 | P57: 36 | Q57: SCEBEA02 | R57: =$AB$1/P57 -> 100 | Y57: =$Y$1/R57 -> 10 | AB57: =$Y$1/R57 -> 10 | AE57: =$Y$1/R57 -> 10 | AH57: =$Y$1/R57 -> 10 | AK57: =$Y$1/R57 -> 10 | AN57: =$Y$1/R57 -> 10
B58: L | G58: 30022142 | N58: P002744 Drawer Body Big(Left) Press | O58: =O57 -> 4 | P58: 72 | Q58: SCESBA01 | R58: =$AB$1/P58 -> 50 | Y58: =$Y$1/R58 -> 20 | AB58: =$Y$1/R58 -> 20 | AE58: =$Y$1/R58 -> 20 | AH58: =$Y$1/R58 -> 20 | AK58: =$Y$1/R58 -> 20 | AN58: =$Y$1/R58 -> 20
B59: L | H59: 10030773 | N59: P002744 Drawer Body Big(Left) GP | O59: =O58 -> 4
B60: L | F60: 30023039 | N60: P002745 Drawer Handle Big(Left) Bend | O60: =O55 -> 4 | P60: 9 | Q60: SCEBEA02 | R60: =$AB$1/P60 -> 400 | Y60: =$Y$1/R60 -> 2.5 | AB60: =$Y$1/R60 -> 2.5 | AE60: =$Y$1/R60 -> 2.5 | AH60: =$Y$1/R60 -> 2.5 | AK60: =$Y$1/R60 -> 2.5 | AN60: =$Y$1/R60 -> 2.5
B61: L | G61: 30023040 | N61: P002745 Drawer Handle Big(Left) Press | O61: =O60 -> 4 | P61: 12 | Q61: SCESBA01 | R61: =$AB$1/P61 -> 300 | Y61: =$Y$1/R61 -> 3.3333333 | AB61: =$Y$1/R61 -> 3.3333333 | AE61: =$Y$1/R61 -> 3.3333333 | AH61: =$Y$1/R61 -> 3.3333333 | AK61: =$Y$1/R61 -> 3.3333333 | AN61: =$Y$1/R61 -> 3.3333333
B62: L | H62: 10030774 | N62: P002745 Drawer Handle Big(Left) GP | O62: =O61 -> 4
B63: L | F63: 30022146 | N63: P002746 Drawer Back Big(Left) Bend | O63: =O55 -> 4 | P63: 9 | Q63: SCEBEA02 | R63: =$AB$1/P63 -> 400 | Y63: =$Y$1/R63 -> 2.5 | AB63: =$Y$1/R63 -> 2.5 | AE63: =$Y$1/R63 -> 2.5 | AH63: =$Y$1/R63 -> 2.5 | AK63: =$Y$1/R63 -> 2.5 | AN63: =$Y$1/R63 -> 2.5
B64: L | G64: 10030775 | N64: P002746 Drawer Back Big(Left) GP | O64: =O55 -> 4
B65: L | E65: 10034231 | N65: CM01000007 High gloss black powder | O65: 0.12766504
B66: L | E66: 10033352 | N66: FINE CLEANER T5008 | O66: 14.942829
B67: L | E67: 10033353 | N67: PREPALENE XG | O67: 0.66709059
B68: L | E68: 10033354 | N68: ADDITIVE 4977B | O68: 0.13341812
B69: L | E69: 10033355 | N69: PALBOND LT5103RF-1 | O69: 9.7395226
B70: L | E70: 10033356 | N70: NEUTRALIZER 4055 | O70: 1.3341812
B71: L | E71: 10033357 | N71: ACCELERATOR 131 | O71: 0.53367247
B72: L | D72: 30023554 | N72: U000435BLK Drawer Middle Paint | O72: =O3*2 -> 2 | P72: 22.5 | Q72: SCECOA01 | R72: =$AB$1/P72 -> 160 | Y72: =$Y$1/R72 -> 6.25 | AB72: =$Y$1/R72 -> 6.25 | AE72: =$Y$1/R72 -> 6.25 | AH72: =$Y$1/R72 -> 6.25 | AK72: =$Y$1/R72 -> 6.25 | AN72: =$Y$1/R72 -> 6.25
B73: L | E73: 30022148 | N73: U000435 Drawer Middle Spot | O73: =O72 -> 2 | P73: 150 | Q73: SCESGA01 | R73: =$AB$1/P73 -> 24 | Y73: =$Y$1/R73 -> 41.666667 | AB73: =$Y$1/R73 -> 41.666667 | AE73: =$Y$1/R73 -> 41.666667 | AH73: =$Y$1/R73 -> 41.666667 | AK73: =$Y$1/R73 -> 41.666667 | AN73: =$Y$1/R73 -> 41.666667
B74: L | F74: 30022149 | N74: P002747 Drawer Body Middle Bend | O74: =O73 -> 2 | P74: 36 | Q74: SCEBEA02 | R74: =$AB$1/P74 -> 100 | Y74: =$Y$1/R74 -> 10 | AB74: =$Y$1/R74 -> 10 | AE74: =$Y$1/R74 -> 10 | AH74: =$Y$1/R74 -> 10 | AK74: =$Y$1/R74 -> 10 | AN74: =$Y$1/R74 -> 10
B75: L | G75: 30022150 | N75: P002747 Drawer Body Middle Press | O75: =O74 -> 2 | P75: 72 | Q75: SCESBA01 | R75: =$AB$1/P75 -> 50 | Y75: =$Y$1/R75 -> 20 | AB75: =$Y$1/R75 -> 20 | AE75: =$Y$1/R75 -> 20 | AH75: =$Y$1/R75 -> 20 | AK75: =$Y$1/R75 -> 20 | AN75: =$Y$1/R75 -> 20
B76: L | H76: 10030776 | N76: P002747 Drawer Body Middle GP | O76: =O75 -> 2
B77: L | F77: 30022151 | N77: P002748 Drawer Handle Middle Bend | O77: =O73 -> 2 | P77: 9 | Q77: SCEBEA02 | R77: =$AB$1/P77 -> 400 | Y77: =$Y$1/R77 -> 2.5 | AB77: =$Y$1/R77 -> 2.5 | AE77: =$Y$1/R77 -> 2.5 | AH77: =$Y$1/R77 -> 2.5 | AK77: =$Y$1/R77 -> 2.5 | AN77: =$Y$1/R77 -> 2.5
B78: L | G78: 30022152 | N78: P002748 Drawer Handle Middle Press | O78: =O73 -> 2 | P78: 12 | Q78: SCESBA01 | R78: =$AB$1/P78 -> 300 | Y78: =$Y$1/R78 -> 3.3333333 | AB78: =$Y$1/R78 -> 3.3333333 | AE78: =$Y$1/R78 -> 3.3333333 | AH78: =$Y$1/R78 -> 3.3333333 | AK78: =$Y$1/R78 -> 3.3333333 | AN78: =$Y$1/R78 -> 3.3333333
B79: L | H79: 10030777 | N79: P002748 Drawer Handle Middle GP | O79: =O73 -> 2
B80: L | F80: 30022154 | N80: P002749 Drawer Back Middle Bend | O80: =O73 -> 2 | P80: 9 | Q80: SCEBEA02 | R80: =$AB$1/P80 -> 400 | Y80: =$Y$1/R80 -> 2.5 | AB80: =$Y$1/R80 -> 2.5 | AE80: =$Y$1/R80 -> 2.5 | AH80: =$Y$1/R80 -> 2.5 | AK80: =$Y$1/R80 -> 2.5 | AN80: =$Y$1/R80 -> 2.5
B81: L | G81: 10030778 | N81: P002749 Drawer Back Middle GP | O81: =O73 -> 2
B82: L | E82: 10034231 | N82: CM01000007 High gloss black powder | O82: 0.16632081
B83: L | E83: 10033352 | N83: FINE CLEANER T5008 | O83: 19.467377
B84: L | E84: 10033353 | N84: PREPALENE XG | O84: 0.86907932
B85: L | E85: 10033354 | N85: ADDITIVE 4977B | O85: 0.17381586
B86: L | E86: 10033355 | N86: PALBOND LT5103RF-1 | O86: 12.688558
B87: L | E87: 10033356 | N87: NEUTRALIZER 4055 | O87: 1.7381586
B88: L | E88: 10033357 | N88: ACCELERATOR 131 | O88: 0.69526345
B89: L | D89: 30023555 | N89: U000436BLK Drawer Extra Big(Left) Paint | O89: =O3 -> 1 | P89: 22.5 | Q89: SCECOA01 | R89: =$AB$1/P89 -> 160 | Y89: =$Y$1/R89 -> 6.25 | AB89: =$Y$1/R89 -> 6.25 | AE89: =$Y$1/R89 -> 6.25 | AH89: =$Y$1/R89 -> 6.25 | AK89: =$Y$1/R89 -> 6.25 | AN89: =$Y$1/R89 -> 6.25
B90: L | E90: 30022156 | N90: U000436 Drawer Extra Big(Left) Spot | O90: =O89 -> 1 | P90: 150 | Q90: SCESGA01 | R90: =$AB$1/P90 -> 24 | Y90: =$Y$1/R90 -> 41.666667 | AB90: =$Y$1/R90 -> 41.666667 | AE90: =$Y$1/R90 -> 41.666667 | AH90: =$Y$1/R90 -> 41.666667 | AK90: =$Y$1/R90 -> 41.666667 | AN90: =$Y$1/R90 -> 41.666667
B91: L | F91: 30022157 | N91: P002750 Drawer Body Extra Big(Left) Bend | O91: =O90 -> 1 | P91: 36 | Q91: SCEBEA02 | R91: =$AB$1/P91 -> 100 | Y91: =$Y$1/R91 -> 10 | AB91: =$Y$1/R91 -> 10 | AE91: =$Y$1/R91 -> 10 | AH91: =$Y$1/R91 -> 10 | AK91: =$Y$1/R91 -> 10 | AN91: =$Y$1/R91 -> 10
B92: L | G92: 30022158 | N92: P002750 Drawer Body Extra Big(Left) Press | O92: =O91 -> 1 | P92: 72 | Q92: SCESBA01 | R92: =$AB$1/P92 -> 50 | Y92: =$Y$1/R92 -> 20 | AB92: =$Y$1/R92 -> 20 | AE92: =$Y$1/R92 -> 20 | AH92: =$Y$1/R92 -> 20 | AK92: =$Y$1/R92 -> 20 | AN92: =$Y$1/R92 -> 20
B93: L | H93: 10030779 | N93: P002750 Drawer Body Extra Big(Left) GP | O93: =O92 -> 1
F94: 30023081 | N94: P002751 Drawer Handle Extra Big(Left) Press | O94: =O90 -> 1 | P94: 12 | Q94: SCESBA01 | R94: =$AA$1/P94 -> 0 | X94: =$X$1/R94 -> #DIV/0! | AA94: =$X$1/R94 -> #DIV/0! | AD94: =$X$1/R94 -> #DIV/0! | AG94: =$X$1/R94 -> #DIV/0! | AJ94: =$X$1/R94 -> #DIV/0! | AM94: =$X$1/R94 -> #DIV/0!
G95: 30023080 | N95: P002751 Drawer Handle Extra Big(Left) Bend | O95: =O94 -> 1 | P95: 9 | Q95: SCEBEA02 | R95: =$AA$1/P95 -> 0 | X95: =$X$1/R95 -> #DIV/0! | AA95: =$X$1/R95 -> #DIV/0! | AD95: =$X$1/R95 -> #DIV/0! | AG95: =$X$1/R95 -> #DIV/0! | AJ95: =$X$1/R95 -> #DIV/0! | AM95: =$X$1/R95 -> #DIV/0!
H96: 10030780 | N96: P002751 Drawer Handle Extra Big(Left) GP | O96: =O95 -> 1
B97: L | F97: 30022162 | N97: P002752 Drawer Back Extra Big(Left) Bend | O97: =O89 -> 1 | P97: 9 | Q97: SCEBEA02 | R97: =$AB$1/P97 -> 400 | Y97: =$Y$1/R97 -> 2.5 | AB97: =$Y$1/R97 -> 2.5 | AE97: =$Y$1/R97 -> 2.5 | AH97: =$Y$1/R97 -> 2.5 | AK97: =$Y$1/R97 -> 2.5 | AN97: =$Y$1/R97 -> 2.5
B98: L | G98: 10030781 | N98: P002752 Drawer Back Extra Big(Left) GP | O98: =O90 -> 1
B99: L | E99: 10034231 | N99: CM01000007 High gloss black powder | O99: 0.17469575
B100: L | E100: 10033352 | N100: FINE CLEANER T5008 | O100: 20.44764
B101: L | E101: 10033353 | N101: PREPALENE XG | O101: 0.91284108
...

Sheet TC27BLK (2)
A1: NO | B1: Status | M1: Remark | N1: PART NAME (Geelong ) | O1: Q'TY | Q1: Work Center | R1: CT | S1: Alt. BOM | T1: Group Center | U1: Seq. | V1: Operation | W1: Group | Y1: 1000 | AB1: 3600
B3: L | C3: 40013806 | N3: TC-2707TSBLK | O3: 1 | P3: 22.5 | Q3: SCEASA01 | R3: 37.5 | Y3: 1 | AB3: 1 | AE3: 1 | AH3: 1 | AK3: 1 | AN3: 1
B4: L | D4: 30023552 | N4: U000433BLK Box Paint | O4: =O3 -> 1 | P4: 22.5 | Q4: SCECOA01 | R4: =$AB$1/P4 -> 160 | Y4: =$Y$1/R4 -> 6.25 | AB4: =$Y$1/R4 -> 6.25 | AE4: =$Y$1/R4 -> 6.25 | AH4: =$Y$1/R4 -> 6.25 | AK4: =$Y$1/R4 -> 6.25 | AN4: =$Y$1/R4 -> 6.25
B5: L | E5: 30022113 | N5: U000433 Box Weld | O5: =O4 -> 1 | P5: =180+60 -> 240 | Q5: SCEGWA01 | R5: =$AB$1/P5 -> 15 | Y5: =$Y$1/R5 -> 66.666667 | AB5: =$Y$1/R5 -> 66.666667 | AE5: =$Y$1/R5 -> 66.666667 | AH5: =$Y$1/R5 -> 66.666667 | AK5: =$Y$1/R5 -> 66.666667 | AN5: =$Y$1/R5 -> 66.666667
B6: L | F6: 30022114 | N6: U000433 Box Spot | O6: =O5 -> 1 | P6: =350 -> 350 | Q6: SCESGA01 | R6: =$AB$1/P6 -> 10.285714 | Y6: =$Y$1/R6 -> 97.222222 | AB6: =$Y$1/R6 -> 97.222222 | AE6: =$Y$1/R6 -> 97.222222 | AH6: =$Y$1/R6 -> 97.222222 | AK6: =$Y$1/R6 -> 97.222222 | AN6: =$Y$1/R6 -> 97.222222
B7: L | G7: 30022115 | N7: P002732 Top Cover Spot | O7: =O6 -> 1 | P7: 10 | Q7: SCESGA01 | R7: =$AB$1/P7 -> 360 | Y7: =$Y$1/R7 -> 2.7777778 | AB7: =$Y$1/R7 -> 2.7777778 | AE7: =$Y$1/R7 -> 2.7777778 | AH7: =$Y$1/R7 -> 2.7777778 | AK7: =$Y$1/R7 -> 2.7777778 | AN7: =$Y$1/R7 -> 2.7777778
B8: L | H8: 30022116 | N8: P002732 Top Cover Bend | O8: =O7 -> 1 | P8: 18 | Q8: SCEBEA02 | R8: =$AB$1/P8 -> 200 | Y8: =$Y$1/R8 -> 5 | AB8: =$Y$1/R8 -> 5 | AE8: =$Y$1/R8 -> 5 | AH8: =$Y$1/R8 -> 5 | AK8: =$Y$1/R8 -> 5 | AN8: =$Y$1/R8 -> 5
B9: L | I9: 30022117 | N9: P002732 Top Cover IPC | O9: =O8 -> 1
B10: L | J10: 10030761 | N10: P002732 Top Cover GP | O10: =O9 -> 1
B11: L | H11: 10030762 | N11: P002571 Hook Holder GP | O11: =O7 -> 1
B12: L | G12: 30022119 | N12: P002733 Bottom Back Bend | O12: =O6 -> 1 | P12: 9 | Q12: SCEBEA02 | R12: =$AB$1/P12 -> 400 | Y12: =$Y$1/R12 -> 2.5 | AB12: =$Y$1/R12 -> 2.5 | AE12: =$Y$1/R12 -> 2.5 | AH12: =$Y$1/R12 -> 2.5 | AK12: =$Y$1/R12 -> 2.5 | AN12: =$Y$1/R12 -> 2.5
B13: L | H13: 30022120 | N13: P002733 Bottom Back IPC | O13: =O12 -> 1
B14: L | I14: 10030763 | N14: P002733 Bottom Back GP | O14: =O13 -> 1
B15: L | G15: 30022121 | N15: P002734 Bottom Cover Reinf Bend | O15: =O6*2 -> 2 | P15: 27 | Q15: SCEBEA02 | R15: =$AB$1/P15 -> 133.33333 | Y15: =$Y$1/R15 -> 7.5 | AB15: =$Y$1/R15 -> 7.5 | AE15: =$Y$1/R15 -> 7.5 | AH15: =$Y$1/R15 -> 7.5 | AK15: =$Y$1/R15 -> 7.5 | AN15: =$Y$1/R15 -> 7.5
B16: L | H16: 10030764 | N16: P002734 Bottom Cover Reinf GP | O16: =O15 -> 2
B17: L | G17: 30023058 | N17: P002951 Box Spot | O17: =O6 -> 1 | P17: =40+40+75+75+45+80 -> 355 | Q17: SCESGA01 | R17: =$AB$1/P17 -> 10.140845 | Y17: =$Y$1/R17 -> 98.611111 | AB17: =$Y$1/R17 -> 98.611111 | AE17: =$Y$1/R17 -> 98.611111 | AH17: =$Y$1/R17 -> 98.611111 | AK17: =$Y$1/R17 -> 98.611111 | AN17: =$Y$1/R17 -> 98.611111
B18: L | H18: 30023056 | N18: P002951 Box Bend | O18: =O17 -> 1 | P18: 54 | Q18: SCESBA01 | R18: =$AB$1/P18 -> 66.666667 | Y18: =$Y$1/R18 -> 15 | AB18: =$Y$1/R18 -> 15 | AE18: =$Y$1/R18 -> 15 | AH18: =$Y$1/R18 -> 15 | AK18: =$Y$1/R18 -> 15 | AN18: =$Y$1/R18 -> 15
B19: L | I19: 10034385 | N19: P002951 Box GP | O19: =O18 -> 1
B20: L | H20: 30023060 | N20: P002952 BBS Holder Front Left Spot | O20: =O17 -> 1 | P20: 50 | Q20: SCESGA01 | R20: =$AB$1/P20 -> 72 | Y20: =$Y$1/R20 -> 13.888889 | AB20: =$Y$1/R20 -> 13.888889 | AE20: =$Y$1/R20 -> 13.888889 | AH20: =$Y$1/R20 -> 13.888889 | AK20: =$Y$1/R20 -> 13.888889 | AN20: =$Y$1/R20 -> 13.888889
B21: L | I21: 30023059 | N21: P002952 BBS Holder Front Left Press | O21: =O20 -> 1 | P21: 12 | Q21: SCESBA01 | R21: =$AB$1/P21 -> 300 | Y21: =$Y$1/R21 -> 3.3333333 | AB21: =$Y$1/R21 -> 3.3333333 | AE21: =$Y$1/R21 -> 3.3333333 | AH21: =$Y$1/R21 -> 3.3333333 | AK21: =$Y$1/R21 -> 3.3333333 | AN21: =$Y$1/R21 -> 3.3333333
B22: L | J22: 10034386 | N22: P002952 BBS Holder Front Left GP | O22: =O19 -> 1
B23: L | I23: 30023055 | N23: P002801 BBS Holder Front Reinf Bend | O23: =O20 -> 1 | P23: 18 | Q23: SCEBEA02 | R23: =$AB$1/P23 -> 200 | Y23: =$Y$1/R23 -> 5 | AB23: =$Y$1/R23 -> 5 | AE23: =$Y$1/R23 -> 5 | AH23: =$Y$1/R23 -> 5 | AK23: =$Y$1/R23 -> 5 | AN23: =$Y$1/R23 -> 5
B24: L | J24: 10030768 | N24: P002801 BBS Holder Front Reinf GP | O24: =O23 -> 1
B25: L | H25: 30023062 | N25: P002953 BBS Holder Front Right Spot | O25: =O17 -> 1 | P25: 50 | Q25: SCESGA01 | R25: =$AB$1/P25 -> 72 | Y25: =$Y$1/R25 -> 13.888889 | AB25: =$Y$1/R25 -> 13.888889 | AE25: =$Y$1/R25 -> 13.888889 | AH25: =$Y$1/R25 -> 13.888889 | AK25: =$Y$1/R25 -> 13.888889 | AN25: =$Y$1/R25 -> 13.888889
B26: L | I26: 30023061 | N26: P002953 BBS Holder Front Right Press | O26: =O25 -> 1 | P26: 12 | Q26: SCESBA01 | R26: =$AB$1/P26 -> 300 | Y26: =$Y$1/R26 -> 3.3333333 | AB26: =$Y$1/R26 -> 3.3333333 | AE26: =$Y$1/R26 -> 3.3333333 | AH26: =$Y$1/R26 -> 3.3333333 | AK26: =$Y$1/R26 -> 3.3333333 | AN26: =$Y$1/R26 -> 3.3333333
B27: L | J27: 10034387 | N27: P002953 BBS Holder Front Right GP | O27: =O26 -> 1
B28: L | I28: 30023055 | N28: P002801 BBS Holder Front Reinf Bend | O28: =O25 -> 1 | P28: 18 | Q28: SCEBEA02 | R28: =$AB$1/P28 -> 200 | Y28: =$Y$1/R28 -> 5 | AB28: =$Y$1/R28 -> 5 | AE28: =$Y$1/R28 -> 5 | AH28: =$Y$1/R28 -> 5 | AK28: =$Y$1/R28 -> 5 | AN28: =$Y$1/R28 -> 5
B29: L | J29: 10030768 | N29: P002801 BBS Holder Front Reinf GP | O29: =O28 -> 1
B30: L | H30: 30023063 | N30: P002954 BBS Holder Rear Left Press | O30: =O17 -> 1 | P30: 12 | Q30: SCESBA01 | R30: =$AB$1/P30 -> 300 | Y30: =$Y$1/R30 -> 3.3333333 | AB30: =$Y$1/R30 -> 3.3333333 | AE30: =$Y$1/R30 -> 3.3333333 | AH30: =$Y$1/R30 -> 3.3333333 | AK30: =$Y$1/R30 -> 3.3333333 | AN30: =$Y$1/R30 -> 3.3333333
B31: L | I31: 10034388 | N31: P002954 BBS Holder Rear Left GP | O31: =O30 -> 1
B32: L | H32: 30023064 | N32: P002955 BBS Holder Rear Right Press | O32: =O17 -> 1 | P32: 12 | Q32: SCESBA01 | R32: =$AB$1/P32 -> 300 | Y32: =$Y$1/R32 -> 3.3333333 | AB32: =$Y$1/R32 -> 3.3333333 | AE32: =$Y$1/R32 -> 3.3333333 | AH32: =$Y$1/R32 -> 3.3333333 | AK32: =$Y$1/R32 -> 3.3333333 | AN32: =$Y$1/R32 -> 3.3333333
B33: L | I33: 10034389 | N33: P002955 BBS Holder Rear Right GP | O33: =O32 -> 1
B34: L | H34: 30023050 | N34: P002622 Locking Slide Bend | O34: =O17 -> 1 | P34: 36 | Q34: SCEBEA02 | R34: =$AB$1/P34 -> 100 | Y34: =$Y$1/R34 -> 10 | AB34: =$Y$1/R34 -> 10 | AE34: =$Y$1/R34 -> 10 | AH34: =$Y$1/R34 -> 10 | AK34: =$Y$1/R34 -> 10 | AN34: =$Y$1/R34 -> 10
B35: L | I35: 10034294 | N35: P002622 Locking Slide GP | O35: =O34 -> 1
B36: L | H36: 30023053 | N36: P002626 Cover Support Spot | O36: =O17*2 -> 2 | P36: 32 | Q36: SCESGA01 | R36: =$AB$1/P36 -> 112.5 | Y36: =$Y$1/R36 -> 8.8888889 | AB36: =$Y$1/R36 -> 8.8888889 | AE36: =$Y$1/R36 -> 8.8888889 | AH36: =$Y$1/R36 -> 8.8888889 | AK36: =$Y$1/R36 -> 8.8888889 | AN36: =$Y$1/R36 -> 8.8888889
B37: L | I37: 30023052 | N37: P002626 Cover Support Press | O37: =O36 -> 2 | P37: 24 | Q37: SCESBA01 | R37: =$AB$1/P37 -> 150 | Y37: =$Y$1/R37 -> 6.6666667 | AB37: =$Y$1/R37 -> 6.6666667 | AE37: =$Y$1/R37 -> 6.6666667 | AH37: =$Y$1/R37 -> 6.6666667 | AK37: =$Y$1/R37 -> 6.6666667 | AN37: =$Y$1/R37 -> 6.6666667
B38: L | J38: 10034298 | N38: P002626 Cover Support GP | O38: =O37 -> 2
B39: L | F39: 30023054 | N39: P002742 Rear Lock Row Press | O39: =-O5 -> -1 | P39: 12 | Q39: SCESBA01 | R39: =$AB$1/P39 -> 300 | Y39: =$Y$1/R39 -> 3.3333333 | AB39: =$Y$1/R39 -> 3.3333333 | AE39: =$Y$1/R39 -> 3.3333333 | AH39: =$Y$1/R39 -> 3.3333333 | AK39: =$Y$1/R39 -> 3.3333333 | AN39: =$Y$1/R39 -> 3.3333333
B40: L | G40: 10030772 | N40: P002742 Rear Lock Row | O40: =O5 -> 1
B41: L | F41: 10011564 | N41: MA99002500 welding thread CO2 0.8(15kg) | O41: 0.02
B42: L | F42: 10025819 | N42: แก๊ส Co2 | O42: 0.001
B43: L | E43: 10034231 | N43: CM01000007 High gloss black powder | O43: 1.0320025
B44: L | E44: 10033352 | N44: FINE CLEANER T5008 | O44: 120.79295
B45: L | E45: 10033353 | N45: PREPALENE XG | O45: 5.3925424
B46: L | E46: 10033354 | N46: ADDITIVE 4977B | O46: 1.0785085
B47: L | E47: 10033355 | N47: PALBOND LT5103RF-1 | O47: 78.731119
B48: L | E48: 10033356 | N48: NEUTRALIZER 4055 | O48: 10.785085
B49: L | E49: 10033357 | N49: ACCELERATOR 131 | O49: 4.3140339
B50: L | D50: 30023553 | N50: U000434BLK Drawer Big(Left) Paint | O50: =O3*4 -> 4 | P50: 22.5 | Q50: SCECOA01 | R50: =$AB$1/P50 -> 160 | Y50: =$Y$1/R50 -> 6.25 | AB50: =$Y$1/R50 -> 6.25 | AE50: =$Y$1/R50 -> 6.25 | AH50: =$Y$1/R50 -> 6.25 | AK50: =$Y$1/R50 -> 6.25 | AN50: =$Y$1/R50 -> 6.25
B51: L | E51: 30022140 | N51: U000434 Drawer Big(Left) Spot | O51: =O50 -> 4 | P51: 110 | Q51: SCESGA01 | R51: =$AB$1/P51 -> 32.727273 | Y51: =$Y$1/R51 -> 30.555556 | AB51: =$Y$1/R51 -> 30.555556 | AE51: =$Y$1/R51 -> 30.555556 | AH51: =$Y$1/R51 -> 30.555556 | AK51: =$Y$1/R51 -> 30.555556 | AN51: =$Y$1/R51 -> 30.555556
B52: L | F52: 30022141 | N52: P002744 Drawer Body Big(Left) Bend | O52: =O51 -> 4 | P52: 36 | Q52: SCEBEA02 | R52: =$AB$1/P52 -> 100 | Y52: =$Y$1/R52 -> 10 | AB52: =$Y$1/R52 -> 10 | AE52: =$Y$1/R52 -> 10 | AH52: =$Y$1/R52 -> 10 | AK52: =$Y$1/R52 -> 10 | AN52: =$Y$1/R52 -> 10
B53: L | G53: 30022142 | N53: P002744 Drawer Body Big(Left) Press | O53: =O52 -> 4 | P53: 72 | Q53: SCESBA01 | R53: =$AB$1/P53 -> 50 | Y53: =$Y$1/R53 -> 20 | AB53: =$Y$1/R53 -> 20 | AE53: =$Y$1/R53 -> 20 | AH53: =$Y$1/R53 -> 20 | AK53: =$Y$1/R53 -> 20 | AN53: =$Y$1/R53 -> 20
B54: L | H54: 10030773 | N54: P002744 Drawer Body Big(Left) GP | O54: =O53 -> 4
B55: L | F55: 30023039 | N55: P002745 Drawer Handle Big(Left) Bend | O55: =O50 -> 4 | P55: 9 | Q55: SCEBEA02 | R55: =$AB$1/P55 -> 400 | Y55: =$Y$1/R55 -> 2.5 | AB55: =$Y$1/R55 -> 2.5 | AE55: =$Y$1/R55 -> 2.5 | AH55: =$Y$1/R55 -> 2.5 | AK55: =$Y$1/R55 -> 2.5 | AN55: =$Y$1/R55 -> 2.5
B56: L | G56: 30023040 | N56: P002745 Drawer Handle Big(Left) Press | O56: =O55 -> 4 | P56: 12 | Q56: SCESBA01 | R56: =$AB$1/P56 -> 300 | Y56: =$Y$1/R56 -> 3.3333333 | AB56: =$Y$1/R56 -> 3.3333333 | AE56: =$Y$1/R56 -> 3.3333333 | AH56: =$Y$1/R56 -> 3.3333333 | AK56: =$Y$1/R56 -> 3.3333333 | AN56: =$Y$1/R56 -> 3.3333333
B57: L | H57: 10030774 | N57: P002745 Drawer Handle Big(Left) GP | O57: =O56 -> 4
B58: L | F58: 30022146 | N58: P002746 Drawer Back Big(Left) Bend | O58: =O50 -> 4 | P58: 9 | Q58: SCEBEA02 | R58: =$AB$1/P58 -> 400 | Y58: =$Y$1/R58 -> 2.5 | AB58: =$Y$1/R58 -> 2.5 | AE58: =$Y$1/R58 -> 2.5 | AH58: =$Y$1/R58 -> 2.5 | AK58: =$Y$1/R58 -> 2.5 | AN58: =$Y$1/R58 -> 2.5
B59: L | G59: 10030775 | N59: P002746 Drawer Back Big(Left) GP | O59: =O50 -> 4
B60: L | E60: 10034231 | N60: CM01000007 High gloss black powder | O60: 0.12766504
B61: L | E61: 10033352 | N61: FINE CLEANER T5008 | O61: 14.942829
B62: L | E62: 10033353 | N62: PREPALENE XG | O62: 0.66709059
B63: L | E63: 10033354 | N63: ADDITIVE 4977B | O63: 0.13341812
B64: L | E64: 10033355 | N64: PALBOND LT5103RF-1 | O64: 9.7395226
B65: L | E65: 10033356 | N65: NEUTRALIZER 4055 | O65: 1.3341812
B66: L | E66: 10033357 | N66: ACCELERATOR 131 | O66: 0.53367247
B67: L | D67: 30023554 | N67: U000435BLK Drawer Middle Paint | O67: =O3*2 -> 2 | P67: 22.5 | Q67: SCECOA01 | R67: =$AB$1/P67 -> 160 | Y67: =$Y$1/R67 -> 6.25 | AB67: =$Y$1/R67 -> 6.25 | AE67: =$Y$1/R67 -> 6.25 | AH67: =$Y$1/R67 -> 6.25 | AK67: =$Y$1/R67 -> 6.25 | AN67: =$Y$1/R67 -> 6.25
B68: L | E68: 30022148 | N68: U000435 Drawer Middle Spot | O68: =O67 -> 2 | P68: 150 | Q68: SCESGA01 | R68: =$AB$1/P68 -> 24 | Y68: =$Y$1/R68 -> 41.666667 | AB68: =$Y$1/R68 -> 41.666667 | AE68: =$Y$1/R68 -> 41.666667 | AH68: =$Y$1/R68 -> 41.666667 | AK68: =$Y$1/R68 -> 41.666667 | AN68: =$Y$1/R68 -> 41.666667
B69: L | F69: 30022149 | N69: P002747 Drawer Body Middle Bend | O69: =O68 -> 2 | P69: 36 | Q69: SCEBEA02 | R69: =$AB$1/P69 -> 100 | Y69: =$Y$1/R69 -> 10 | AB69: =$Y$1/R69 -> 10 | AE69: =$Y$1/R69 -> 10 | AH69: =$Y$1/R69 -> 10 | AK69: =$Y$1/R69 -> 10 | AN69: =$Y$1/R69 -> 10
B70: L | G70: 30022150 | N70: P002747 Drawer Body Middle Press | O70: =O69 -> 2 | P70: 72 | Q70: SCESBA01 | R70: =$AB$1/P70 -> 50 | Y70: =$Y$1/R70 -> 20 | AB70: =$Y$1/R70 -> 20 | AE70: =$Y$1/R70 -> 20 | AH70: =$Y$1/R70 -> 20 | AK70: =$Y$1/R70 -> 20 | AN70: =$Y$1/R70 -> 20
B71: L | H71: 10030776 | N71: P002747 Drawer Body Middle GP | O71: =O70 -> 2
B72: L | F72: 30022151 | N72: P002748 Drawer Handle Middle Bend | O72: =O68 -> 2 | P72: 9 | Q72: SCEBEA02 | R72: =$AB$1/P72 -> 400 | Y72: =$Y$1/R72 -> 2.5 | AB72: =$Y$1/R72 -> 2.5 | AE72: =$Y$1/R72 -> 2.5 | AH72: =$Y$1/R72 -> 2.5 | AK72: =$Y$1/R72 -> 2.5 | AN72: =$Y$1/R72 -> 2.5
B73: L | G73: 30022152 | N73: P002748 Drawer Handle Middle Press | O73: =O68 -> 2 | P73: 12 | Q73: SCESBA01 | R73: =$AB$1/P73 -> 300 | Y73: =$Y$1/R73 -> 3.3333333 | AB73: =$Y$1/R73 -> 3.3333333 | AE73: =$Y$1/R73 -> 3.3333333 | AH73: =$Y$1/R73 -> 3.3333333 | AK73: =$Y$1/R73 -> 3.3333333 | AN73: =$Y$1/R73 -> 3.3333333
B74: L | H74: 10030777 | N74: P002748 Drawer Handle Middle GP | O74: =O68 -> 2
B75: L | F75: 30022154 | N75: P002749 Drawer Back Middle Bend | O75: =O68 -> 2 | P75: 9 | Q75: SCEBEA02 | R75: =$AB$1/P75 -> 400 | Y75: =$Y$1/R75 -> 2.5 | AB75: =$Y$1/R75 -> 2.5 | AE75: =$Y$1/R75 -> 2.5 | AH75: =$Y$1/R75 -> 2.5 | AK75: =$Y$1/R75 -> 2.5 | AN75: =$Y$1/R75 -> 2.5
B76: L | G76: 10030778 | N76: P002749 Drawer Back Middle GP | O76: =O68 -> 2
B77: L | E77: 10034231 | N77: CM01000007 High gloss black powder | O77: 0.16632081
B78: L | E78: 10033352 | N78: FINE CLEANER T5008 | O78: 19.467377
B79: L | E79: 10033353 | N79: PREPALENE XG | O79: 0.86907932
B80: L | E80: 10033354 | N80: ADDITIVE 4977B | O80: 0.17381586
B81: L | E81: 10033355 | N81: PALBOND LT5103RF-1 | O81: 12.688558
B82: L | E82: 10033356 | N82: NEUTRALIZER 4055 | O82: 1.7381586
B83: L | E83: 10033357 | N83: ACCELERATOR 131 | O83: 0.69526345
B84: L | D84: 30023555 | N84: U000436BLK Drawer Extra Big(Left) Paint | O84: =O3 -> 1 | P84: 22.5 | Q84: SCECOA01 | R84: =$AB$1/P84 -> 160 | Y84: =$Y$1/R84 -> 6.25 | AB84: =$Y$1/R84 -> 6.25 | AE84: =$Y$1/R84 -> 6.25 | AH84: =$Y$1/R84 -> 6.25 | AK84: =$Y$1/R84 -> 6.25 | AN84: =$Y$1/R84 -> 6.25
B85: L | E85: 30022156 | N85: U000436 Drawer Extra Big(Left) Spot | O85: =O84 -> 1 | P85: 150 | Q85: SCESGA01 | R85: =$AB$1/P85 -> 24 | Y85: =$Y$1/R85 -> 41.666667 | AB85: =$Y$1/R85 -> 41.666667 | AE85: =$Y$1/R85 -> 41.666667 | AH85: =$Y$1/R85 -> 41.666667 | AK85: =$Y$1/R85 -> 41.666667 | AN85: =$Y$1/R85 -> 41.666667
B86: L | F86: 30022157 | N86: P002750 Drawer Body Extra Big(Left) Bend | O86: =O85 -> 1 | P86: 36 | Q86: SCEBEA02 | R86: =$AB$1/P86 -> 100 | Y86: =$Y$1/R86 -> 10 | AB86: =$Y$1/R86 -> 10 | AE86: =$Y$1/R86 -> 10 | AH86: =$Y$1/R86 -> 10 | AK86: =$Y$1/R86 -> 10 | AN86: =$Y$1/R86 -> 10
B87: L | G87: 30022158 | N87: P002750 Drawer Body Extra Big(Left) Press | O87: =O86 -> 1 | P87: 72 | Q87: SCESBA01 | R87: =$AB$1/P87 -> 50 | Y87: =$Y$1/R87 -> 20 | AB87: =$Y$1/R87 -> 20 | AE87: =$Y$1/R87 -> 20 | AH87: =$Y$1/R87 -> 20 | AK87: =$Y$1/R87 -> 20 | AN87: =$Y$1/R87 -> 20
B88: L | H88: 10030779 | N88: P002750 Drawer Body Extra Big(Left) GP | O88: =O87 -> 1
F89: 30023081 | N89: P002751 Drawer Handle Extra Big(Left) Press | O89: =O85 -> 1 | P89: 12 | Q89: SCESBA01 | R89: =$AA$1/P89 -> 0 | X89: =$X$1/R89 -> #DIV/0! | AA89: =$X$1/R89 -> #DIV/0! | AD89: =$X$1/R89 -> #DIV/0! | AG89: =$X$1/R89 -> #DIV/0! | AJ89: =$X$1/R89 -> #DIV/0! | AM89: =$X$1/R89 -> #DIV/0!
G90: 30023080 | N90: P002751 Drawer Handle Extra Big(Left) Bend | O90: =O89 -> 1 | P90: 9 | Q90: SCEBEA02 | R90: =$AA$1/P90 -> 0 | X90: =$X$1/R90 -> #DIV/0! | AA90: =$X$1/R90 -> #DIV/0! | AD90: =$X$1/R90 -> #DIV/0! | AG90: =$X$1/R90 -> #DIV/0! | AJ90: =$X$1/R90 -> #DIV/0! | AM90: =$X$1/R90 -> #DIV/0!
H91: 10030780 | N91: P002751 Drawer Handle Extra Big(Left) GP | O91: =O90 -> 1
B92: L | F92: 30022162 | N92: P002752 Drawer Back Extra Big(Left) Bend | O92: =O84 -> 1 | P92: 9 | Q92: SCEBEA02 | R92: =$AB$1/P92 -> 400 | Y92: =$Y$1/R92 -> 2.5 | AB92: =$Y$1/R92 -> 2.5 | AE92: =$Y$1/R92 -> 2.5 | AH92: =$Y$1/R92 -> 2.5 | AK92: =$Y$1/R92 -> 2.5 | AN92: =$Y$1/R92 -> 2.5
B93: L | G93: 10030781 | N93: P002752 Drawer Back Extra Big(Left) GP | O93: =O85 -> 1
B94: L | E94: 10034231 | N94: CM01000007 High gloss black powder | O94: 0.17469575
B95: L | E95: 10033352 | N95: FINE CLEANER T5008 | O95: 20.44764
B96: L | E96: 10033353 | N96: PREPALENE XG | O96: 0.91284108
B97: L | E97: 10033354 | N97: ADDITIVE 4977B | O97: 0.18256822
B98: L | E98: 10033355 | N98: PALBOND LT5103RF-1 | O98: 13.32748
B99: L | E99: 10033356 | N99: NEUTRALIZER 4055 | O99: 1.8256822
B100: L | E100: 10033357 | N100: ACCELERATOR 131 | O100: 0.73027286
B101: L | D101: 10030465 | N101: U000409 Round lock head assembly | O101: 1
...

Sheet TC27BLU
A1: NO | B1: Status | M1: Remark | N1: PART NAME (Geelong ) | O1: Q'TY | Q1: Work Center | R1: CT | S1: Alt. BOM | T1: Group Center | U1: Seq. | V1: Operation | W1: Group | Y1: 1000 | AB1: 3600
B3: L | C3: 40013810 | N3: TC-2707TSBLU | O3: 1 | P3: 22.5 | Q3: SCEASA01 | R3: 37.5 | Y3: 1 | AB3: 1 | AE3: 1 | AH3: 1 | AK3: 1 | AN3: 1
B4: L | D4: 30023556 | N4: U000433BLU Box Paint | O4: =O3 -> 1 | P4: 22.5 | Q4: SCECOA01 | R4: =$AB$1/P4 -> 160 | Y4: =$Y$1/R4 -> 6.25 | AB4: =$Y$1/R4 -> 6.25 | AE4: =$Y$1/R4 -> 6.25 | AH4: =$Y$1/R4 -> 6.25 | AK4: =$Y$1/R4 -> 6.25 | AN4: =$Y$1/R4 -> 6.25
B5: L | E5: 30022113 | N5: U000433 Box Weld | O5: =O4 -> 1 | P5: =180+60 -> 240 | Q5: SCEGWA01 | R5: =$AB$1/P5 -> 15 | Y5: =$Y$1/R5 -> 66.666667 | AB5: =$Y$1/R5 -> 66.666667 | AE5: =$Y$1/R5 -> 66.666667 | AH5: =$Y$1/R5 -> 66.666667 | AK5: =$Y$1/R5 -> 66.666667 | AN5: =$Y$1/R5 -> 66.666667
B6: L | F6: 30022114 | N6: U000433 Box Spot | O6: =O5 -> 1 | P6: =350 -> 350 | Q6: SCESGA01 | R6: =$AB$1/P6 -> 10.285714 | Y6: =$Y$1/R6 -> 97.222222 | AB6: =$Y$1/R6 -> 97.222222 | AE6: =$Y$1/R6 -> 97.222222 | AH6: =$Y$1/R6 -> 97.222222 | AK6: =$Y$1/R6 -> 97.222222 | AN6: =$Y$1/R6 -> 97.222222
B7: L | G7: 30022115 | N7: P002732 Top Cover Spot | O7: =O6 -> 1 | P7: 10 | Q7: SCESGA01 | R7: =$AB$1/P7 -> 360 | Y7: =$Y$1/R7 -> 2.7777778 | AB7: =$Y$1/R7 -> 2.7777778 | AE7: =$Y$1/R7 -> 2.7777778 | AH7: =$Y$1/R7 -> 2.7777778 | AK7: =$Y$1/R7 -> 2.7777778 | AN7: =$Y$1/R7 -> 2.7777778
B8: L | H8: 30022116 | N8: P002732 Top Cover Bend | O8: =O7 -> 1 | P8: 18 | Q8: SCEBEA02 | R8: =$AB$1/P8 -> 200 | Y8: =$Y$1/R8 -> 5 | AB8: =$Y$1/R8 -> 5 | AE8: =$Y$1/R8 -> 5 | AH8: =$Y$1/R8 -> 5 | AK8: =$Y$1/R8 -> 5 | AN8: =$Y$1/R8 -> 5
B9: L | I9: 30022117 | N9: P002732 Top Cover IPC | O9: =O8 -> 1
B10: L | J10: 10030761 | N10: P002732 Top Cover GP | O10: =O9 -> 1
B11: L | H11: 10030762 | N11: P002571 Hook Holder GP | O11: =O7 -> 1
B12: L | G12: 30022119 | N12: P002733 Bottom Back Bend | O12: =O6 -> 1 | P12: 9 | Q12: SCEBEA02 | R12: =$AB$1/P12 -> 400 | Y12: =$Y$1/R12 -> 2.5 | AB12: =$Y$1/R12 -> 2.5 | AE12: =$Y$1/R12 -> 2.5 | AH12: =$Y$1/R12 -> 2.5 | AK12: =$Y$1/R12 -> 2.5 | AN12: =$Y$1/R12 -> 2.5
B13: L | H13: 30022120 | N13: P002733 Bottom Back IPC | O13: =O12 -> 1
B14: L | I14: 10030763 | N14: P002733 Bottom Back GP | O14: =O13 -> 1
B15: L | G15: 30022121 | N15: P002734 Bottom Cover Reinf Bend | O15: =O6*2 -> 2 | P15: 27 | Q15: SCEBEA02 | R15: =$AB$1/P15 -> 133.33333 | Y15: =$Y$1/R15 -> 7.5 | AB15: =$Y$1/R15 -> 7.5 | AE15: =$Y$1/R15 -> 7.5 | AH15: =$Y$1/R15 -> 7.5 | AK15: =$Y$1/R15 -> 7.5 | AN15: =$Y$1/R15 -> 7.5
B16: L | H16: 10030764 | N16: P002734 Bottom Cover Reinf GP | O16: =O15 -> 2
B17: L | G17: 30023058 | N17: P002951 Box Spot | O17: =O6 -> 1 | P17: =40+40+75+75+45+80 -> 355 | Q17: SCESGA01 | R17: =$AB$1/P17 -> 10.140845 | Y17: =$Y$1/R17 -> 98.611111 | AB17: =$Y$1/R17 -> 98.611111 | AE17: =$Y$1/R17 -> 98.611111 | AH17: =$Y$1/R17 -> 98.611111 | AK17: =$Y$1/R17 -> 98.611111 | AN17: =$Y$1/R17 -> 98.611111
B18: L | H18: 30023056 | N18: P002951 Box Bend | O18: =O17 -> 1 | P18: 54 | Q18: SCESBA01 | R18: =$AB$1/P18 -> 66.666667 | Y18: =$Y$1/R18 -> 15 | AB18: =$Y$1/R18 -> 15 | AE18: =$Y$1/R18 -> 15 | AH18: =$Y$1/R18 -> 15 | AK18: =$Y$1/R18 -> 15 | AN18: =$Y$1/R18 -> 15
B19: L | I19: 30023057 | N19: P002951 Box Press | O19: =O17 -> 1 | P19: 24 | Q19: SCESBA01 | R19: =$AB$1/P19 -> 150 | Y19: =$Y$1/R19 -> 6.6666667 | AB19: =$Y$1/R19 -> 6.6666667 | AE19: =$Y$1/R19 -> 6.6666667 | AH19: =$Y$1/R19 -> 6.6666667 | AK19: =$Y$1/R19 -> 6.6666667 | AN19: =$Y$1/R19 -> 6.6666667
B20: L | J20: 10034385 | N20: P002951 Box GP | O20: =O19 -> 1
B21: L | H21: 30023060 | N21: P002952 BBS Holder Front Left Spot | O21: =O17 -> 1 | P21: 50 | Q21: SCESGA01 | R21: =$AB$1/P21 -> 72 | Y21: =$Y$1/R21 -> 13.888889 | AB21: =$Y$1/R21 -> 13.888889 | AE21: =$Y$1/R21 -> 13.888889 | AH21: =$Y$1/R21 -> 13.888889 | AK21: =$Y$1/R21 -> 13.888889 | AN21: =$Y$1/R21 -> 13.888889
B22: L | I22: 30023059 | N22: P002952 BBS Holder Front Left Press | O22: =O19 -> 1 | P22: 12 | Q22: SCESBA01 | R22: =$AB$1/P22 -> 300 | Y22: =$Y$1/R22 -> 3.3333333 | AB22: =$Y$1/R22 -> 3.3333333 | AE22: =$Y$1/R22 -> 3.3333333 | AH22: =$Y$1/R22 -> 3.3333333 | AK22: =$Y$1/R22 -> 3.3333333 | AN22: =$Y$1/R22 -> 3.3333333
B23: L | J23: 10034386 | N23: P002952 BBS Holder Front Left GP | O23: =O20 -> 1
B24: L | I24: 30023055 | N24: P002801 BBS Holder Front Reinf Bend | O24: =O21 -> 1 | P24: 18 | Q24: SCEBEA02 | R24: =$AB$1/P24 -> 200 | Y24: =$Y$1/R24 -> 5 | AB24: =$Y$1/R24 -> 5 | AE24: =$Y$1/R24 -> 5 | AH24: =$Y$1/R24 -> 5 | AK24: =$Y$1/R24 -> 5 | AN24: =$Y$1/R24 -> 5
B25: L | J25: 30022130 | N25: P002801 BBS Holder Front Reinf Laser | O25: =O24 -> 1 | P25: 13 | Q25: SCECUA04 | R25: =$AB$1/P25 -> 276.92308 | Y25: =$Y$1/R25 -> 3.6111111 | AB25: =$Y$1/R25 -> 3.6111111 | AE25: =$Y$1/R25 -> 3.6111111 | AH25: =$Y$1/R25 -> 3.6111111 | AK25: =$Y$1/R25 -> 3.6111111 | AN25: =$Y$1/R25 -> 3.6111111
B26: L | K26: 10030768 | N26: P002801 BBS Holder Front Reinf GP | O26: =O25 -> 1
B27: L | H27: 30023062 | N27: P002953 BBS Holder Front Right Spot | O27: =O19 -> 1 | P27: 50 | Q27: SCESGA01 | R27: =$AB$1/P27 -> 72 | Y27: =$Y$1/R27 -> 13.888889 | AB27: =$Y$1/R27 -> 13.888889 | AE27: =$Y$1/R27 -> 13.888889 | AH27: =$Y$1/R27 -> 13.888889 | AK27: =$Y$1/R27 -> 13.888889 | AN27: =$Y$1/R27 -> 13.888889
B28: L | I28: 30023061 | N28: P002953 BBS Holder Front Right Press | O28: =O27 -> 1 | P28: 12 | Q28: SCESBA01 | R28: =$AB$1/P28 -> 300 | Y28: =$Y$1/R28 -> 3.3333333 | AB28: =$Y$1/R28 -> 3.3333333 | AE28: =$Y$1/R28 -> 3.3333333 | AH28: =$Y$1/R28 -> 3.3333333 | AK28: =$Y$1/R28 -> 3.3333333 | AN28: =$Y$1/R28 -> 3.3333333
B29: L | J29: 10034387 | N29: P002953 BBS Holder Front Right GP | O29: =O28 -> 1
B30: L | I30: 30023055 | N30: P002801 BBS Holder Front Reinf Bend | O30: =O27 -> 1 | P30: 18 | Q30: SCEBEA02 | R30: =$AB$1/P30 -> 200 | Y30: =$Y$1/R30 -> 5 | AB30: =$Y$1/R30 -> 5 | AE30: =$Y$1/R30 -> 5 | AH30: =$Y$1/R30 -> 5 | AK30: =$Y$1/R30 -> 5 | AN30: =$Y$1/R30 -> 5
B31: L | J31: 30022130 | N31: P002801 BBS Holder Front Reinf Laser | O31: =O30 -> 1 | P31: 13 | Q31: SCECUA04 | R31: =$AB$1/P31 -> 276.92308 | Y31: =$Y$1/R31 -> 3.6111111 | AB31: =$Y$1/R31 -> 3.6111111 | AE31: =$Y$1/R31 -> 3.6111111 | AH31: =$Y$1/R31 -> 3.6111111 | AK31: =$Y$1/R31 -> 3.6111111 | AN31: =$Y$1/R31 -> 3.6111111
B32: L | K32: 10030768 | N32: P002801 BBS Holder Front Reinf GP | O32: =O31 -> 1
B33: L | H33: 30023063 | N33: P002954 BBS Holder Rear Left Press | O33: =O17 -> 1 | P33: 12 | Q33: SCESBA01 | R33: =$AB$1/P33 -> 300 | Y33: =$Y$1/R33 -> 3.3333333 | AB33: =$Y$1/R33 -> 3.3333333 | AE33: =$Y$1/R33 -> 3.3333333 | AH33: =$Y$1/R33 -> 3.3333333 | AK33: =$Y$1/R33 -> 3.3333333 | AN33: =$Y$1/R33 -> 3.3333333
B34: L | I34: 10034388 | N34: P002954 BBS Holder Rear Left GP | O34: =O33 -> 1
B35: L | H35: 30023064 | N35: P002955 BBS Holder Rear Right Press | O35: =O19 -> 1 | P35: 12 | Q35: SCESBA01 | R35: =$AB$1/P35 -> 300 | Y35: =$Y$1/R35 -> 3.3333333 | AB35: =$Y$1/R35 -> 3.3333333 | AE35: =$Y$1/R35 -> 3.3333333 | AH35: =$Y$1/R35 -> 3.3333333 | AK35: =$Y$1/R35 -> 3.3333333 | AN35: =$Y$1/R35 -> 3.3333333
B36: L | I36: 10034389 | N36: P002955 BBS Holder Rear Right GP | O36: =O35 -> 1
B37: L | H37: 30023050 | N37: P002622 Locking Slide Bend | O37: =O17 -> 1 | P37: 36 | Q37: SCEBEA02 | R37: =$AB$1/P37 -> 100 | Y37: =$Y$1/R37 -> 10 | AB37: =$Y$1/R37 -> 10 | AE37: =$Y$1/R37 -> 10 | AH37: =$Y$1/R37 -> 10 | AK37: =$Y$1/R37 -> 10 | AN37: =$Y$1/R37 -> 10
B38: L | I38: 30023145 | N38: P002622 Locking Slide Laser | O38: =O37 -> 1 | P38: 8 | Q38: SCECUA04 | R38: 450 | Y38: 125 | AB38: 125 | AE38: 125 | AH38: 125 | AK38: 125 | AN38: 125
B39: L | J39: 10034294 | N39: P002622 Locking Slide GP | O39: =O37 -> 1
B40: L | H40: 30023053 | N40: P002626 Cover Support Spot | O40: =O17*2 -> 2 | P40: 32 | Q40: SCESGA01 | R40: =$AB$1/P40 -> 112.5 | Y40: =$Y$1/R40 -> 8.8888889 | AB40: =$Y$1/R40 -> 8.8888889 | AE40: =$Y$1/R40 -> 8.8888889 | AH40: =$Y$1/R40 -> 8.8888889 | AK40: =$Y$1/R40 -> 8.8888889 | AN40: =$Y$1/R40 -> 8.8888889
B41: L | I41: 30023051 | N41: P002626 Cover Support Bend | O41: =O40 -> 2 | P41: 18 | Q41: SCEBEA02 | R41: =$AB$1/P41 -> 200 | Y41: =$Y$1/R41 -> 5 | AB41: =$Y$1/R41 -> 5 | AE41: =$Y$1/R41 -> 5 | AH41: =$Y$1/R41 -> 5 | AK41: =$Y$1/R41 -> 5 | AN41: =$Y$1/R41 -> 5
B42: L | J42: 30023052 | N42: P002626 Cover Support Press | O42: =O40 -> 2 | P42: 24 | Q42: SCESBA01 | R42: =$AB$1/P42 -> 150 | Y42: =$Y$1/R42 -> 6.6666667 | AB42: =$Y$1/R42 -> 6.6666667 | AE42: =$Y$1/R42 -> 6.6666667 | AH42: =$Y$1/R42 -> 6.6666667 | AK42: =$Y$1/R42 -> 6.6666667 | AN42: =$Y$1/R42 -> 6.6666667
B43: L | K43: 10034298 | N43: P002626 Cover Support GP | O43: =O42 -> 2
B44: L | F44: 30023054 | N44: P002742 Rear Lock Row Press | O44: =-O5 -> -1 | P44: 12 | Q44: SCESBA01 | R44: =$AB$1/P44 -> 300 | Y44: =$Y$1/R44 -> 3.3333333 | AB44: =$Y$1/R44 -> 3.3333333 | AE44: =$Y$1/R44 -> 3.3333333 | AH44: =$Y$1/R44 -> 3.3333333 | AK44: =$Y$1/R44 -> 3.3333333 | AN44: =$Y$1/R44 -> 3.3333333
B45: L | G45: 10030772 | N45: P002742 Rear Lock Row | O45: =O5 -> 1
B46: L | F46: 10011564 | N46: MA99002500 welding thread CO2 0.8(15kg) | O46: 0.02
B47: L | F47: 10025819 | N47: แก๊ส Co2 | O47: 0.001
B48: L | E48: 10035143 | N48: CM01000004 High gloss blue powder | O48: 1.0320025
B49: L | E49: 10033352 | N49: FINE CLEANER T5008 | O49: 120.79295
B50: L | E50: 10033353 | N50: PREPALENE XG | O50: 5.3925424
B51: L | E51: 10033354 | N51: ADDITIVE 4977B | O51: 1.0785085
B52: L | E52: 10033355 | N52: PALBOND LT5103RF-1 | O52: 78.731119
B53: L | E53: 10033356 | N53: NEUTRALIZER 4055 | O53: 10.785085
B54: L | E54: 10033357 | N54: ACCELERATOR 131 | O54: 4.3140339
B55: L | D55: 30023557 | N55: U000434BLU Drawer Big(Left) Paint | O55: =O3*4 -> 4 | P55: 22.5 | Q55: SCECOA01 | R55: =$AB$1/P55 -> 160 | Y55: =$Y$1/R55 -> 6.25 | AB55: =$Y$1/R55 -> 6.25 | AE55: =$Y$1/R55 -> 6.25 | AH55: =$Y$1/R55 -> 6.25 | AK55: =$Y$1/R55 -> 6.25 | AN55: =$Y$1/R55 -> 6.25
B56: L | E56: 30022140 | N56: U000434 Drawer Big(Left) Spot | O56: =O55 -> 4 | P56: 110 | Q56: SCESGA01 | R56: =$AB$1/P56 -> 32.727273 | Y56: =$Y$1/R56 -> 30.555556 | AB56: =$Y$1/R56 -> 30.555556 | AE56: =$Y$1/R56 -> 30.555556 | AH56: =$Y$1/R56 -> 30.555556 | AK56: =$Y$1/R56 -> 30.555556 | AN56: =$Y$1/R56 -> 30.555556
B57: L | F57: 30022141 | N57: P002744 Drawer Body Big(Left) Bend | O57: =O56 -> 4 | P57: 36 | Q57: SCEBEA02 | R57: =$AB$1/P57 -> 100 | Y57: =$Y$1/R57 -> 10 | AB57: =$Y$1/R57 -> 10 | AE57: =$Y$1/R57 -> 10 | AH57: =$Y$1/R57 -> 10 | AK57: =$Y$1/R57 -> 10 | AN57: =$Y$1/R57 -> 10
B58: L | G58: 30022142 | N58: P002744 Drawer Body Big(Left) Press | O58: =O57 -> 4 | P58: 72 | Q58: SCESBA01 | R58: =$AB$1/P58 -> 50 | Y58: =$Y$1/R58 -> 20 | AB58: =$Y$1/R58 -> 20 | AE58: =$Y$1/R58 -> 20 | AH58: =$Y$1/R58 -> 20 | AK58: =$Y$1/R58 -> 20 | AN58: =$Y$1/R58 -> 20
B59: L | H59: 10030773 | N59: P002744 Drawer Body Big(Left) GP | O59: =O58 -> 4
B60: L | F60: 30023039 | N60: P002745 Drawer Handle Big(Left) Bend | O60: =O55 -> 4 | P60: 9 | Q60: SCEBEA02 | R60: =$AB$1/P60 -> 400 | Y60: =$Y$1/R60 -> 2.5 | AB60: =$Y$1/R60 -> 2.5 | AE60: =$Y$1/R60 -> 2.5 | AH60: =$Y$1/R60 -> 2.5 | AK60: =$Y$1/R60 -> 2.5 | AN60: =$Y$1/R60 -> 2.5
B61: L | G61: 30023040 | N61: P002745 Drawer Handle Big(Left) Press | O61: =O60 -> 4 | P61: 12 | Q61: SCESBA01 | R61: =$AB$1/P61 -> 300 | Y61: =$Y$1/R61 -> 3.3333333 | AB61: =$Y$1/R61 -> 3.3333333 | AE61: =$Y$1/R61 -> 3.3333333 | AH61: =$Y$1/R61 -> 3.3333333 | AK61: =$Y$1/R61 -> 3.3333333 | AN61: =$Y$1/R61 -> 3.3333333
B62: L | H62: 10030774 | N62: P002745 Drawer Handle Big(Left) GP | O62: =O61 -> 4
B63: L | F63: 30022146 | N63: P002746 Drawer Back Big(Left) Bend | O63: =O55 -> 4 | P63: 9 | Q63: SCEBEA02 | R63: =$AB$1/P63 -> 400 | Y63: =$Y$1/R63 -> 2.5 | AB63: =$Y$1/R63 -> 2.5 | AE63: =$Y$1/R63 -> 2.5 | AH63: =$Y$1/R63 -> 2.5 | AK63: =$Y$1/R63 -> 2.5 | AN63: =$Y$1/R63 -> 2.5
B64: L | G64: 10030775 | N64: P002746 Drawer Back Big(Left) GP | O64: =O55 -> 4
B65: L | E65: 10035143 | N65: CM01000004 High gloss blue powder | O65: 0.12766504
B66: L | E66: 10033352 | N66: FINE CLEANER T5008 | O66: 14.942829
B67: L | E67: 10033353 | N67: PREPALENE XG | O67: 0.66709059
B68: L | E68: 10033354 | N68: ADDITIVE 4977B | O68: 0.13341812
B69: L | E69: 10033355 | N69: PALBOND LT5103RF-1 | O69: 9.7395226
B70: L | E70: 10033356 | N70: NEUTRALIZER 4055 | O70: 1.3341812
B71: L | E71: 10033357 | N71: ACCELERATOR 131 | O71: 0.53367247
B72: L | D72: 30023558 | N72: U000435BLU Drawer Middle Paint | O72: =O3*2 -> 2 | P72: 22.5 | Q72: SCECOA01 | R72: =$AB$1/P72 -> 160 | Y72: =$Y$1/R72 -> 6.25 | AB72: =$Y$1/R72 -> 6.25 | AE72: =$Y$1/R72 -> 6.25 | AH72: =$Y$1/R72 -> 6.25 | AK72: =$Y$1/R72 -> 6.25 | AN72: =$Y$1/R72 -> 6.25
B73: L | E73: 30022148 | N73: U000435 Drawer Middle Spot | O73: =O72 -> 2 | P73: 150 | Q73: SCESGA01 | R73: =$AB$1/P73 -> 24 | Y73: =$Y$1/R73 -> 41.666667 | AB73: =$Y$1/R73 -> 41.666667 | AE73: =$Y$1/R73 -> 41.666667 | AH73: =$Y$1/R73 -> 41.666667 | AK73: =$Y$1/R73 -> 41.666667 | AN73: =$Y$1/R73 -> 41.666667
B74: L | F74: 30022149 | N74: P002747 Drawer Body Middle Bend | O74: =O73 -> 2 | P74: 36 | Q74: SCEBEA02 | R74: =$AB$1/P74 -> 100 | Y74: =$Y$1/R74 -> 10 | AB74: =$Y$1/R74 -> 10 | AE74: =$Y$1/R74 -> 10 | AH74: =$Y$1/R74 -> 10 | AK74: =$Y$1/R74 -> 10 | AN74: =$Y$1/R74 -> 10
B75: L | G75: 30022150 | N75: P002747 Drawer Body Middle Press | O75: =O74 -> 2 | P75: 72 | Q75: SCESBA01 | R75: =$AB$1/P75 -> 50 | Y75: =$Y$1/R75 -> 20 | AB75: =$Y$1/R75 -> 20 | AE75: =$Y$1/R75 -> 20 | AH75: =$Y$1/R75 -> 20 | AK75: =$Y$1/R75 -> 20 | AN75: =$Y$1/R75 -> 20
B76: L | H76: 10030776 | N76: P002747 Drawer Body Middle GP | O76: =O75 -> 2
B77: L | F77: 30022151 | N77: P002748 Drawer Handle Middle Bend | O77: =O73 -> 2 | P77: 9 | Q77: SCEBEA02 | R77: =$AB$1/P77 -> 400 | Y77: =$Y$1/R77 -> 2.5 | AB77: =$Y$1/R77 -> 2.5 | AE77: =$Y$1/R77 -> 2.5 | AH77: =$Y$1/R77 -> 2.5 | AK77: =$Y$1/R77 -> 2.5 | AN77: =$Y$1/R77 -> 2.5
B78: L | G78: 30022152 | N78: P002748 Drawer Handle Middle Press | O78: =O73 -> 2 | P78: 12 | Q78: SCESBA01 | R78: =$AB$1/P78 -> 300 | Y78: =$Y$1/R78 -> 3.3333333 | AB78: =$Y$1/R78 -> 3.3333333 | AE78: =$Y$1/R78 -> 3.3333333 | AH78: =$Y$1/R78 -> 3.3333333 | AK78: =$Y$1/R78 -> 3.3333333 | AN78: =$Y$1/R78 -> 3.3333333
B79: L | H79: 10030777 | N79: P002748 Drawer Handle Middle GP | O79: =O73 -> 2
B80: L | F80: 30022154 | N80: P002749 Drawer Back Middle Bend | O80: =O73 -> 2 | P80: 9 | Q80: SCEBEA02 | R80: =$AB$1/P80 -> 400 | Y80: =$Y$1/R80 -> 2.5 | AB80: =$Y$1/R80 -> 2.5 | AE80: =$Y$1/R80 -> 2.5 | AH80: =$Y$1/R80 -> 2.5 | AK80: =$Y$1/R80 -> 2.5 | AN80: =$Y$1/R80 -> 2.5
B81: L | G81: 10030778 | N81: P002749 Drawer Back Middle GP | O81: =O73 -> 2
B82: L | E82: 10035143 | N82: CM01000004 High gloss blue powder | O82: 0.16632081
B83: L | E83: 10033352 | N83: FINE CLEANER T5008 | O83: 19.467377
B84: L | E84: 10033353 | N84: PREPALENE XG | O84: 0.86907932
B85: L | E85: 10033354 | N85: ADDITIVE 4977B | O85: 0.17381586
B86: L | E86: 10033355 | N86: PALBOND LT5103RF-1 | O86: 12.688558
B87: L | E87: 10033356 | N87: NEUTRALIZER 4055 | O87: 1.7381586
B88: L | E88: 10033357 | N88: ACCELERATOR 131 | O88: 0.69526345
B89: L | D89: 30023559 | N89: U000436BLU Drawer Extra Big(Left) Paint | O89: =O3 -> 1 | P89: 22.5 | Q89: SCECOA01 | R89: =$AB$1/P89 -> 160 | Y89: =$Y$1/R89 -> 6.25 | AB89: =$Y$1/R89 -> 6.25 | AE89: =$Y$1/R89 -> 6.25 | AH89: =$Y$1/R89 -> 6.25 | AK89: =$Y$1/R89 -> 6.25 | AN89: =$Y$1/R89 -> 6.25
B90: L | E90: 30022156 | N90: U000436 Drawer Extra Big(Left) Spot | O90: =O89 -> 1 | P90: 150 | Q90: SCESGA01 | R90: =$AB$1/P90 -> 24 | Y90: =$Y$1/R90 -> 41.666667 | AB90: =$Y$1/R90 -> 41.666667 | AE90: =$Y$1/R90 -> 41.666667 | AH90: =$Y$1/R90 -> 41.666667 | AK90: =$Y$1/R90 -> 41.666667 | AN90: =$Y$1/R90 -> 41.666667
B91: L | F91: 30022157 | N91: P002750 Drawer Body Extra Big(Left) Bend | O91: =O90 -> 1 | P91: 36 | Q91: SCEBEA02 | R91: =$AB$1/P91 -> 100 | Y91: =$Y$1/R91 -> 10 | AB91: =$Y$1/R91 -> 10 | AE91: =$Y$1/R91 -> 10 | AH91: =$Y$1/R91 -> 10 | AK91: =$Y$1/R91 -> 10 | AN91: =$Y$1/R91 -> 10
B92: L | G92: 30022158 | N92: P002750 Drawer Body Extra Big(Left) Press | O92: =O91 -> 1 | P92: 72 | Q92: SCESBA01 | R92: =$AB$1/P92 -> 50 | Y92: =$Y$1/R92 -> 20 | AB92: =$Y$1/R92 -> 20 | AE92: =$Y$1/R92 -> 20 | AH92: =$Y$1/R92 -> 20 | AK92: =$Y$1/R92 -> 20 | AN92: =$Y$1/R92 -> 20
B93: L | H93: 10030779 | N93: P002750 Drawer Body Extra Big(Left) GP | O93: =O92 -> 1
F94: 30023081 | N94: P002751 Drawer Handle Extra Big(Left) Press | O94: =O90 -> 1 | P94: 12 | Q94: SCESBA01 | R94: =$AA$1/P94 -> 0 | X94: =$X$1/R94 -> #DIV/0! | AA94: =$X$1/R94 -> #DIV/0! | AD94: =$X$1/R94 -> #DIV/0! | AG94: =$X$1/R94 -> #DIV/0! | AJ94: =$X$1/R94 -> #DIV/0! | AM94: =$X$1/R94 -> #DIV/0!
G95: 30023080 | N95: P002751 Drawer Handle Extra Big(Left) Bend | O95: =O94 -> 1 | P95: 9 | Q95: SCEBEA02 | R95: =$AA$1/P95 -> 0 | X95: =$X$1/R95 -> #DIV/0! | AA95: =$X$1/R95 -> #DIV/0! | AD95: =$X$1/R95 -> #DIV/0! | AG95: =$X$1/R95 -> #DIV/0! | AJ95: =$X$1/R95 -> #DIV/0! | AM95: =$X$1/R95 -> #DIV/0!
H96: 10030780 | N96: P002751 Drawer Handle Extra Big(Left) GP | O96: =O95 -> 1
B97: L | F97: 30022162 | N97: P002752 Drawer Back Extra Big(Left) Bend | O97: =O89 -> 1 | P97: 9 | Q97: SCEBEA02 | R97: =$AB$1/P97 -> 400 | Y97: =$Y$1/R97 -> 2.5 | AB97: =$Y$1/R97 -> 2.5 | AE97: =$Y$1/R97 -> 2.5 | AH97: =$Y$1/R97 -> 2.5 | AK97: =$Y$1/R97 -> 2.5 | AN97: =$Y$1/R97 -> 2.5
B98: L | G98: 10030781 | N98: P002752 Drawer Back Extra Big(Left) GP | O98: =O90 -> 1
B99: L | E99: 10035143 | N99: CM01000004 High gloss blue powder | O99: 0.17469575
B100: L | E100: 10033352 | N100: FINE CLEANER T5008 | O100: 20.44764
B101: L | E101: 10033353 | N101: PREPALENE XG | O101: 0.91284108
...

Sheet TC27 (16-7-2025) (3)
A1: NO | B1: Status | M1: Remark | N1: PART NAME (Geelong ) | O1: Q'TY | Q1: Work Center | S1: CT | T1: Alt. BOM | U1: Group Center | V1: Seq. | W1: Operation | X1: Group | Z1: 1000 | AC1: 3600
B3: L | C3: 40012178 | N3: TC-2707TSR | O3: 1 | P3: 22.5 | Q3: SCEASA01 | R3: =VLOOKUP(Q3,[1]Sheet1!C$3:D$87,2,0) -> Assembly B9 | S3: =$AC$1/P3 -> 160 | Z3: 1 | AC3: 1 | AF3: 1 | AI3: 1 | AL3: 1 | AO3: 1
B4: L | D4: 30022112 | N4: U000433 Box Paint | O4: =O3 -> 1 | P4: 22.5 | Q4: SCECOA01 | R4: =VLOOKUP(Q4,[1]Sheet1!C$3:D$87,2,0) -> Paint B9 | S4: =$AC$1/P4 -> 160 | Z4: 1 | AC4: 1 | AF4: 1 | AI4: 1 | AL4: 1 | AO4: 1
B5: L | E5: 30022113 | N5: U000433 Box Weld | O5: =O4 -> 1 | P5: =180+60 -> 240 | Q5: SCEGWA01 | R5: =VLOOKUP(Q5,[1]Sheet1!C$3:D$87,2,0) -> Weld Umini No.1 | S5: =$AC$1/P5 -> 15 | Z5: 1 | AC5: 1 | AF5: 1 | AI5: 1 | AL5: 1 | AO5: 1
B6: L | F6: 30022114 | N6: U000433 Box Spot | O6: =O5 -> 1 | P6: =350/2 -> 175 | Q6: SCEHGA01 | R6: =VLOOKUP(Q6,[1]Sheet1!C$3:D$87,2,0) -> Hanging 1 | S6: =$AC$1/P6 -> 20.571429 | Z6: 1 | AC6: 1 | AF6: 1 | AI6: 1 | AL6: 1 | AO6: 1
P7: =350/2 -> 175 | Q7: SCEHGA02 | R7: =VLOOKUP(Q7,[1]Sheet1!C$3:D$87,2,0) -> Hanging 2 | S7: =$AC$1/P7 -> 20.571429 | Z7: 1 | AC7: 1 | AF7: 1 | AI7: 1 | AL7: 1 | AO7: 1
B8: L | G8: 30022115 | N8: P002732 Top Cover Spot | O8: =O6 -> 1 | P8: 10 | Q8: SCESGA07 | R8: =VLOOKUP(Q8,[1]Sheet1!C$3:D$87,2,0) -> Spot 50KVA 6 | S8: =$AC$1/P8 -> 360 | Z8: 1 | AC8: 1 | AF8: 1 | AI8: 1 | AL8: 1 | AO8: 1
B9: L | H9: 30022116 | N9: P002732 Top Cover Bend | O9: =O8 -> 1 | P9: 18 | Q9: SCEBEA12 | R9: =VLOOKUP(Q9,[1]Sheet1!C$3:D$87,2,0) -> AMADA-HM1003 10 | S9: =$AC$1/P9 -> 200 | Z9: 1 | AC9: 1 | AF9: 1 | AI9: 1 | AL9: 1 | AO9: 1
B10: L | I10: 30022117 | N10: P002732 Top Cover IPC | O10: =O9 -> 1 | R10: =VLOOKUP(Q10,[1]Sheet1!C$3:D$87,2,0) -> #N/A | Z10: 1 | AC10: 1 | AF10: 1 | AI10: 1 | AL10: 1 | AO10: 1
B11: L | J11: 10030761 | N11: P002732 Top Cover GP | O11: =O10 -> 1 | R11: =VLOOKUP(Q11,[1]Sheet1!C$3:D$87,2,0) -> #N/A | Z11: 1 | AC11: 1 | AF11: 1 | AI11: 1 | AL11: 1 | AO11: 1
B12: L | H12: 10030762 | N12: P002571 Hook Holder GP | O12: =O8 -> 1 | R12: =VLOOKUP(Q12,[1]Sheet1!C$3:D$87,2,0) -> #N/A | Z12: 1 | AC12: 1 | AF12: 1 | AI12: 1 | AL12: 1 | AO12: 1
B13: L | G13: 30022119 | N13: P002733 Bottom Back Bend | O13: =O6 -> 1 | P13: 9 | Q13: SCEBEA11 | R13: =VLOOKUP(Q13,[1]Sheet1!C$3:D$87,2,0) -> AMADA-HM1003 9 | S13: =$AC$1/P13 -> 400 | Z13: 1 | AC13: 1 | AF13: 1 | AI13: 1 | AL13: 1 | AO13: 1
B14: L | H14: 30022120 | N14: P002733 Bottom Back IPC | O14: =O13 -> 1 | R14: =VLOOKUP(Q14,[1]Sheet1!C$3:D$87,2,0) -> #N/A | Z14: 1 | AC14: 1 | AF14: 1 | AI14: 1 | AL14: 1 | AO14: 1
B15: L | I15: 10030763 | N15: P002733 Bottom Back GP | O15: =O14 -> 1 | R15: =VLOOKUP(Q15,[1]Sheet1!C$3:D$87,2,0) -> #N/A | Z15: 1 | AC15: 1 | AF15: 1 | AI15: 1 | AL15: 1 | AO15: 1
B16: L | G16: 30022121 | N16: P002734 Bottom Cover Reinf Bend | O16: =O6*2 -> 2 | P16: 27 | Q16: SCEBEA06 | R16: =VLOOKUP(Q16,[1]Sheet1!C$3:D$87,2,0) -> AMADA-HM1003 4 | S16: =$AC$1/P16 -> 133.33333 | Z16: 1 | AC16: 1 | AF16: 1 | AI16: 1 | AL16: 1 | AO16: 1
B17: L | H17: 10030764 | N17: P002734 Bottom Cover Reinf GP | O17: =O16 -> 2 | R17: =VLOOKUP(Q17,[1]Sheet1!C$3:D$87,2,0) -> #N/A | Z17: 1 | AC17: 1 | AF17: 1 | AI17: 1 | AL17: 1 | AO17: 1
B18: L | G18: 30023058 | N18: P002951 Box Spot | O18: =O6 -> 1 | P18: =40+40 -> 80 | Q18: SCESGA03 | R18: =VLOOKUP(Q18,[1]Sheet1!C$3:D$87,2,0) -> Spot 50KVA 2 | S18: =$AC$1/P18 -> 45 | Z18: 1 | AC18: 1 | AF18: 1 | AI18: 1 | AL18: 1 | AO18: 1
P19: =75+75 -> 150 | Q19: SCESGA04 | R19: =VLOOKUP(Q19,[1]Sheet1!C$3:D$87,2,0) -> Spot 50KVA 3 | S19: =$AC$1/P19 -> 24 | Z19: 1 | AC19: 1 | AF19: 1 | AI19: 1 | AL19: 1 | AO19: 1
P20: =45+80 -> 125 | Q20: SCESGA06 | R20: =VLOOKUP(Q20,[1]Sheet1!C$3:D$87,2,0) -> Spot 50KVA 5 | S20: =$AC$1/P20 -> 28.8 | Z20: 1 | AC20: 1 | AF20: 1 | AI20: 1 | AL20: 1 | AO20: 1
B21: L | H21: 30023056 | N21: P002951 Box Bend | O21: =O18 -> 1 | P21: 54 | Q21: SCEBEA20 | R21: =VLOOKUP(Q21,[1]Sheet1!C$3:D$87,2,0) -> TRUMPF-TruBend5130 | S21: =$AC$1/P21 -> 66.666667 | Z21: 1 | AC21: 1 | AF21: 1 | AI21: 1 | AL21: 1 | AO21: 1
B22: L | I22: 10034385 | N22: P002951 Box GP | O22: =O21 -> 1 | R22: =VLOOKUP(Q22,[1]Sheet1!C$3:D$87,2,0) -> #N/A | Z22: 1 | AC22: 1 | AF22: 1 | AI22: 1 | AL22: 1 | AO22: 1
B23: L | H23: 30023060 | N23: P002952 BBS Holder Front Left Spot | O23: =O18 -> 1 | P23: 50 | Q23: SCESGA05 | R23: =VLOOKUP(Q23,[1]Sheet1!C$3:D$87,2,0) -> Spot 50KVA 4 | S23: =$AC$1/P23 -> 72 | Z23: 1 | AC23: 1 | AF23: 1 | AI23: 1 | AL23: 1 | AO23: 1
B24: L | I24: 30023059 | N24: P002952 BBS Holder Front Left Press | O24: =O23 -> 1 | P24: 12 | Q24: SCESBA02 | R24: =VLOOKUP(Q24,[1]Sheet1!C$3:D$87,2,0) -> 110TON-Press 2 | S24: =$AC$1/P24 -> 300 | Z24: 1 | AC24: 1 | AF24: 1 | AI24: 1 | AL24: 1 | AO24: 1
B25: L | J25: 10034386 | N25: P002952 BBS Holder Front Left GP | O25: =O22 -> 1 | R25: =VLOOKUP(Q25,[1]Sheet1!C$3:D$87,2,0) -> #N/A | Z25: 1 | AC25: 1 | AF25: 1 | AI25: 1 | AL25: 1 | AO25: 1
B26: L | I26: 30023055 | N26: P002801 BBS Holder Front Reinf Bend | O26: =O23 -> 1 | P26: 18 | Q26: SCEBEA09 | R26: =VLOOKUP(Q26,[1]Sheet1!C$3:D$87,2,0) -> AMADA-HM1003 7 | S26: =$AC$1/P26 -> 200 | Z26: 1 | AC26: 1 | AF26: 1 | AI26: 1 | AL26: 1 | AO26: 1
B27: L | J27: 10030768 | N27: P002801 BBS Holder Front Reinf GP | O27: =O26 -> 1 | R27: =VLOOKUP(Q27,[1]Sheet1!C$3:D$87,2,0) -> #N/A | Z27: 1 | AC27: 1 | AF27: 1 | AI27: 1 | AL27: 1 | AO27: 1
B28: L | H28: 30023062 | N28: P002953 BBS Holder Front Right Spot | O28: =O18 -> 1 | P28: 50 | Q28: SCESGA05 | R28: =VLOOKUP(Q28,[1]Sheet1!C$3:D$87,2,0) -> Spot 50KVA 4 | S28: =$AC$1/P28 -> 72 | Z28: 1 | AC28: 1 | AF28: 1 | AI28: 1 | AL28: 1 | AO28: 1
B29: L | I29: 30023061 | N29: P002953 BBS Holder Front Right Press | O29: =O28 -> 1 | P29: 12 | Q29: SCESBA02 | R29: =VLOOKUP(Q29,[1]Sheet1!C$3:D$87,2,0) -> 110TON-Press 2 | S29: =$AC$1/P29 -> 300 | Z29: 1 | AC29: 1 | AF29: 1 | AI29: 1 | AL29: 1 | AO29: 1
B30: L | J30: 10034387 | N30: P002953 BBS Holder Front Right GP | O30: =O29 -> 1 | R30: =VLOOKUP(Q30,[1]Sheet1!C$3:D$87,2,0) -> #N/A | Z30: 1 | AC30: 1 | AF30: 1 | AI30: 1 | AL30: 1 | AO30: 1
B31: L | I31: 30023055 | N31: P002801 BBS Holder Front Reinf Bend | O31: =O28 -> 1 | P31: 18 | Q31: SCEBEA02 | R31: =VLOOKUP(Q31,[1]Sheet1!C$3:D$87,2,0) -> #N/A | S31: =$AC$1/P31 -> 200 | Z31: 1 | AC31: 1 | AF31: 1 | AI31: 1 | AL31: 1 | AO31: 1
B32: L | J32: 10030768 | N32: P002801 BBS Holder Front Reinf GP | O32: =O31 -> 1 | R32: =VLOOKUP(Q32,[1]Sheet1!C$3:D$87,2,0) -> #N/A | Z32: 1 | AC32: 1 | AF32: 1 | AI32: 1 | AL32: 1 | AO32: 1
B33: L | H33: 30023063 | N33: P002954 BBS Holder Rear Left Press | O33: =O18 -> 1 | P33: 12 | Q33: SCESBA01 | R33: =VLOOKUP(Q33,[1]Sheet1!C$3:D$87,2,0) -> 110TON-Press 1 | S33: =$AC$1/P33 -> 300 | Z33: 1 | AC33: 1 | AF33: 1 | AI33: 1 | AL33: 1 | AO33: 1
B34: L | I34: 10034388 | N34: P002954 BBS Holder Rear Left GP | O34: =O33 -> 1 | R34: =VLOOKUP(Q34,[1]Sheet1!C$3:D$87,2,0) -> #N/A | Z34: 1 | AC34: 1 | AF34: 1 | AI34: 1 | AL34: 1 | AO34: 1
